# -*- coding: utf-8 -*-

# Resource object code
#
# Created by: The Resource Compiler for PyQt5 (Qt v5.15.2)
#
# WARNING! All changes made in this file will be lost!

from PyQt5 import QtCore

qt_resource_data = b"\
\x00\x00\x02\x53\
\x89\
\x50\x4e\x47\x0d\x0a\x1a\x0a\x00\x00\x00\x0d\x49\x48\x44\x52\x00\
\x00\x00\x18\x00\x00\x00\x18\x08\x06\x00\x00\x00\xe0\x77\x3d\xf8\
\x00\x00\x00\x09\x70\x48\x59\x73\x00\x00\x0e\xc3\x00\x00\x0e\xc3\
\x01\xc7\x6f\xa8\x64\x00\x00\x00\x19\x74\x45\x58\x74\x53\x6f\x66\
\x74\x77\x61\x72\x65\x00\x77\x77\x77\x2e\x69\x6e\x6b\x73\x63\x61\
\x70\x65\x2e\x6f\x72\x67\x9b\xee\x3c\x1a\x00\x00\x01\xe0\x49\x44\
\x41\x54\x48\x89\xed\x94\x31\x68\x93\x51\x10\xc7\x7f\x77\x31\xb4\
\xa3\xb5\x59\xd4\x0c\xa2\x88\x60\xcc\x47\x0b\x2e\x82\xc9\xd7\xe2\
\x20\x58\x49\xda\xa1\x8b\x93\xd5\x45\x67\x15\x9c\x8a\x5d\x14\xda\
\x51\xb0\x8b\xb6\xe0\x2a\xd2\x28\x84\xe2\xa2\x69\x2c\x38\x9a\x6a\
\x83\x43\x8b\x0a\xed\xa8\x36\x9b\x95\x26\xef\x1c\x92\x60\xa4\x48\
\xfd\x5e\x36\xf1\x3f\xbd\xbb\xe3\x7e\xf7\x3f\xde\xe3\xc1\x7f\xed\
\x21\x39\x35\x94\x3b\x8d\x8b\x3d\x02\x3b\x0c\xdc\x5f\x2d\x17\xa6\
\x00\x4e\x66\x73\x83\x8a\xce\x01\x01\xa0\x11\xb9\x0e\x64\x55\x9c\
\x5d\x51\x9c\xce\x83\x05\x40\x3f\x70\x27\x08\xf3\x19\x00\x45\x1f\
\x02\x03\x1e\xf0\x66\x3b\x16\x98\x32\xaf\x40\xb2\xb3\xd2\x40\xda\
\x71\x72\x77\x5f\x64\x25\x15\x61\xb6\x1d\x19\x7c\x8e\x0b\x8b\xad\
\x70\xf6\x0f\x4d\x11\x64\x0f\x04\x20\x15\xe6\x86\xd5\x62\x87\x62\
\x6a\xc5\x4a\xa9\x50\x6b\x97\xd3\x99\xb1\x10\xb5\x13\x3e\x68\x87\
\x5b\xab\x2e\x3d\x7f\xd5\xbd\xc9\x3d\xd4\xdc\xe0\xcc\xf8\x81\x7d\
\xb1\x7a\x62\x65\x79\x61\x0d\xb0\x76\x31\x7d\x76\xa4\x0f\xe2\x47\
\x7d\xc0\xae\x11\xff\x54\x7d\xf3\xe4\x9b\xa4\xb3\xf9\x4b\x86\xcc\
\x01\x3d\xc0\x8b\x84\xd6\x2e\x96\x4a\xa5\x7a\x3a\x1c\x1b\x37\x73\
\x8f\x41\x7a\x3d\xcd\xff\x30\x61\x42\x41\x66\x5a\x70\x80\xf3\x5f\
\x1b\x7d\x23\x00\xce\x6c\xba\x0b\x38\x40\x8f\x98\xcc\xf8\xbc\xf1\
\x48\x52\x27\xdc\x04\xdb\x06\x30\x58\xec\x8f\x6d\x15\x01\x30\xbb\
\x05\x7c\xf7\x47\xdb\x36\xb8\x1b\x02\xcd\xcb\xac\x6b\x6f\xe2\x43\
\xf9\xe9\x3a\x1d\x97\x3c\x30\x34\xba\xbf\x51\xe7\x98\xdf\x80\x9d\
\x8f\xef\x97\x8b\x5b\xfe\x06\xff\x52\x02\x10\x64\x46\xcf\x39\x38\
\x28\xb6\x53\xec\x9c\x9a\x0a\x73\xc3\x8a\x1e\xf7\x01\x3b\x93\xf5\
\x6a\x79\xe1\xa5\xa4\xb2\xf9\x7b\x82\xdc\x86\xd6\x57\xa1\x0c\x56\
\x4a\x85\x5a\x2a\x93\x9f\x12\x91\xc9\xae\xec\x9b\xdc\x55\x41\xae\
\x75\xac\x73\xa4\xe1\xec\x02\x80\xc8\xaf\xbc\xb7\xc4\xae\x2b\xb0\
\xf9\x5b\x4e\xd8\x68\x1d\x37\x77\x77\x44\x9e\xb0\xa1\xe2\xb8\x8c\
\xb0\x02\x7c\x11\x63\xf2\xdd\xd2\xb3\xd7\x00\xa6\x5c\x15\x78\x0b\
\x38\x0f\xb2\x03\x2a\x6a\x32\xd1\xbd\xc9\x7f\x5e\x3f\x01\x2a\xc8\
\x9b\x46\x7d\x4a\x60\x69\x00\x00\x00\x00\x49\x45\x4e\x44\xae\x42\
\x60\x82\
\x00\x00\x04\x02\
\x89\
\x50\x4e\x47\x0d\x0a\x1a\x0a\x00\x00\x00\x0d\x49\x48\x44\x52\x00\
\x00\x00\x18\x00\x00\x00\x18\x08\x06\x00\x00\x00\xe0\x77\x3d\xf8\
\x00\x00\x00\x09\x70\x48\x59\x73\x00\x00\x0e\xc3\x00\x00\x0e\xc3\
\x01\xc7\x6f\xa8\x64\x00\x00\x00\x19\x74\x45\x58\x74\x53\x6f\x66\
\x74\x77\x61\x72\x65\x00\x77\x77\x77\x2e\x69\x6e\x6b\x73\x63\x61\
\x70\x65\x2e\x6f\x72\x67\x9b\xee\x3c\x1a\x00\x00\x03\x8f\x49\x44\
\x41\x54\x48\x89\xc5\x95\x4d\x68\x5c\x55\x14\xc7\x7f\xe7\xbe\x99\
\x26\x69\xd3\x62\xa1\x18\x2b\xb4\x12\x9b\x56\xe3\x7c\x50\x0d\xda\
\xe6\x6b\x26\xa8\x55\x43\xb1\x33\x13\x5b\xb4\x1a\x23\xea\x42\x4a\
\xc4\x95\xb8\xac\xdd\xe9\xde\x12\x75\x21\x51\x63\x11\x85\x9a\x74\
\xb2\x88\x04\xac\x21\x1f\x26\x88\xa1\x1f\xf9\x28\x13\xb3\x18\xab\
\x54\xa5\x2e\x84\x34\x21\xc9\xe4\xdd\xe3\x62\x3e\x3a\x0d\x6f\x42\
\x5c\x88\x7f\x78\xf0\xde\xb9\xe7\x9e\xdf\xf9\xdf\xf7\xee\x7d\xf0\
\x1f\x4b\x36\x93\x13\x68\x4a\x84\x31\x1c\x34\xd8\x7b\x00\x2c\xe6\
\x0f\x51\xf7\xd2\xf4\x48\x72\x0a\xd0\x7f\x05\x08\x46\x62\x0d\x02\
\x2f\x6e\x59\xb4\xef\xac\x6e\xf3\xbd\xa5\xe8\x29\x60\x6f\x89\xf9\
\xd7\x05\xed\xda\xb2\x68\x3f\x98\x9c\xec\x5f\xf2\x4a\x30\x1e\xcc\
\xa7\x14\xe9\x5c\xd9\xea\xcc\x2a\xfa\x1e\xca\x9c\x88\xbe\x66\x5c\
\xfb\x60\x6d\x95\xdf\xb7\xcb\xfc\xed\x77\x71\x0e\x28\xfa\x8a\xa8\
\xce\x2a\xf2\xfe\xf2\x36\x67\x26\x1c\x8d\x35\x6f\xd2\x41\xfc\x0c\
\xf0\x6e\xee\xf1\xfc\x2d\x73\x57\x7b\x7a\xe8\xd3\xe5\x12\x0e\x08\
\x45\x13\xf5\x8a\x76\xa3\x54\x83\x76\x4c\x0f\x5f\xf8\x6a\x43\x40\
\x20\x1a\x3f\x29\x4a\x0f\xe0\x00\x0b\x62\x9d\x83\x56\xdc\x5d\x88\
\x26\x04\xd9\x8f\x50\x26\xca\x3c\xd8\xde\xa9\xe1\xe4\x30\x40\xcd\
\xa1\xd6\x1d\xe5\x65\xe5\x7d\xa0\x8d\x82\x3d\x92\x8f\x7b\x02\x8a\
\x15\x6e\x48\xdc\x6d\x7d\xfa\x39\xf0\x74\x09\xfb\x17\x57\x5d\xfb\
\x72\x6a\x2c\x79\xe3\x81\xc6\x63\xdb\xfd\x8e\x99\x00\x2a\x4d\xf9\
\xd2\x43\x57\x07\x07\x17\xc1\xf3\x1d\x64\x15\x8c\xc4\xf6\x58\x9f\
\x8e\xae\x2b\xfe\x43\xee\x02\x40\xe1\x71\xbf\x63\xc6\x6b\x9b\xdb\
\x76\xa7\xc6\x92\x0b\xc6\x98\xd7\x81\x3d\xba\x5c\xf1\x66\x3e\xa7\
\x24\x00\xa4\x07\xd8\x5f\x1c\x31\xca\x69\xa3\x9c\x5e\x97\xb8\xd7\
\x11\xfb\x19\xc0\xd5\xa1\x6f\x26\x80\x41\x45\xde\x20\xb7\x3a\x9e\
\x80\x50\x73\x22\x0a\x44\xd7\xc7\xad\x83\x6b\x1d\x5c\x8f\x29\x47\
\x02\x2d\x89\xa6\x9c\xad\x2f\x80\xea\x50\x24\x16\x2c\x09\x50\xd1\
\x44\x69\x67\xde\x12\xab\x71\x00\x9f\xc3\x28\x80\xc5\x3c\x52\x00\
\x04\x23\xb1\x86\x50\x24\x76\xf6\x76\x36\xfb\x4a\x15\xb2\x19\xf7\
\x26\xe0\xb5\xa9\x0e\x00\x64\x6e\xfa\x6f\x00\x9a\xdf\xf5\x39\x07\
\x52\xaf\x48\x67\x5d\xdd\xb3\x5b\xb3\x16\x3c\x0b\x80\x95\xa3\xb3\
\x63\x75\xd7\xf0\x11\x46\xb3\x9d\x16\xc9\x29\x36\x84\x98\x4c\x01\
\x20\xe8\xef\x00\xcb\xdb\xe5\xde\xec\xb0\xfe\xe2\xdd\xbf\xbe\x1d\
\x8c\x5c\xf9\x1e\x20\x63\xed\xf3\x77\x8c\x88\xa4\x00\x6c\x95\xbb\
\x1b\xc0\xe6\x6a\x1a\x00\xd7\xb5\x57\xb2\x1d\x3a\x8d\x39\xc0\xd7\
\xde\x00\x00\x8d\xb0\xc6\x94\xdf\x31\xe3\xc5\x51\xe3\xea\x39\x00\
\xdf\x9a\xdb\x98\x2d\x21\x97\x0b\x80\xd9\xb1\xfe\x19\x60\x5e\xd0\
\x97\x00\xa6\x87\x92\x3f\xa1\x0c\x95\x86\x50\x41\xd1\x01\xa8\x30\
\x30\x35\xda\x37\x99\xed\x5c\xda\x15\xe6\xa6\x87\x7b\xaf\x15\x00\
\xb9\xb4\x8f\x81\x27\x43\xd1\x44\x7d\xce\x45\x07\xf0\xdb\x06\x90\
\xac\x84\x54\xc6\xb8\x1d\x00\x81\x68\xdb\xa3\x02\xcf\xa0\xfa\x51\
\xc1\x59\xfe\xe6\x96\xd9\x79\x16\xe5\xba\xaa\x7e\x52\x73\xa8\x75\
\xc7\xf4\xf0\x85\x5f\x41\x1b\x36\x72\xa2\xf0\x9d\xe3\xac\x3d\x31\
\x37\xd4\xff\x57\xa0\xe5\x44\xa5\x41\xbb\x81\xf4\x4a\xe5\x6a\xd7\
\x6d\x7e\x91\x42\xd1\x44\xbd\xaa\xbd\x88\xca\x44\xc6\xda\x63\xa9\
\xb1\xe4\x02\x40\xa8\x29\x5e\x67\x8d\x1e\x17\x64\x1f\x50\xae\x22\
\xf3\x46\xdd\xbe\xfc\xa1\x16\x68\x39\x51\x29\x6e\xa6\x17\xd1\x26\
\x55\x89\xce\x8c\xf4\xfd\xe8\x09\x00\x08\x34\xc7\x8e\x8b\xd0\x03\
\xa4\x8d\x71\x5e\xcd\x6d\xff\x92\x0a\x34\xc7\x1f\x13\xa1\x1b\xf4\
\x7e\x55\x69\x9f\x19\xe9\x3b\x7f\xe7\x0a\x7a\x28\xdc\xd2\x76\xd8\
\xb5\xf6\x4b\x81\xfb\x14\xbe\x35\xc8\x39\xac\x19\x9f\x1a\x0d\xa5\
\xe1\x8c\x86\x9a\x9e\xab\xc6\xac\x1d\x56\x91\x93\x28\x47\x81\xb4\
\x2a\x2f\x14\x77\xbe\x21\x00\xa0\xa6\xb5\xb5\xac\x62\xa9\xbc\x53\
\x55\x4f\x01\x35\x25\xd2\x7e\x56\xd5\x0f\x57\x2a\x57\xbb\xe6\x07\
\x06\x56\xbc\x12\x36\xf3\xd3\x27\x18\x49\xd4\x0a\xf6\x61\xab\x54\
\x01\x18\xe1\x4f\xc5\x5c\xca\x7f\x8a\xff\xab\xfe\x01\x82\x7b\x6b\
\x6f\x8c\x1f\xf1\x08\x00\x00\x00\x00\x49\x45\x4e\x44\xae\x42\x60\
\x82\
\x00\x00\x04\x02\
\x89\
\x50\x4e\x47\x0d\x0a\x1a\x0a\x00\x00\x00\x0d\x49\x48\x44\x52\x00\
\x00\x00\x18\x00\x00\x00\x18\x08\x06\x00\x00\x00\xe0\x77\x3d\xf8\
\x00\x00\x00\x09\x70\x48\x59\x73\x00\x00\x0e\xc3\x00\x00\x0e\xc3\
\x01\xc7\x6f\xa8\x64\x00\x00\x00\x19\x74\x45\x58\x74\x53\x6f\x66\
\x74\x77\x61\x72\x65\x00\x77\x77\x77\x2e\x69\x6e\x6b\x73\x63\x61\
\x70\x65\x2e\x6f\x72\x67\x9b\xee\x3c\x1a\x00\x00\x03\x8f\x49\x44\
\x41\x54\x48\x89\xc5\x95\x4d\x68\x5c\x55\x14\xc7\x7f\xe7\xbe\x99\
\x26\x69\xd3\x62\xa1\x18\x2b\xb4\x12\x9b\x56\xe3\x7c\x50\x0d\xda\
\xe6\x6b\x26\xa8\x55\x43\xb1\x33\x13\x5b\xb4\x1a\x23\xea\x42\x4a\
\xc4\x95\xb8\xac\xdd\xe9\xde\x12\x75\x21\x51\x63\x11\x85\x9a\x74\
\xb2\x88\x04\xac\x21\x1f\x26\x88\xa1\x1f\xf9\x28\x13\xb3\x18\xab\
\x54\xa5\x2e\x84\x34\x21\xc9\xe4\xdd\xe3\x62\x3e\x3a\x0d\x6f\x42\
\x5c\x88\x7f\x78\xf0\xde\xb9\xe7\x9e\xdf\xf9\xdf\xf7\xee\x7d\xf0\
\x1f\x4b\x36\x93\x13\x68\x4a\x84\x31\x1c\x34\xd8\x7b\x00\x2c\xe6\
\x0f\x51\xf7\xd2\xf4\x48\x72\x0a\xd0\x7f\x05\x08\x46\x62\x0d\x02\
\x2f\x6e\x59\xb4\xef\xac\x6e\xf3\xbd\xa5\xe8\x29\x60\x6f\x89\xf9\
\xd7\x05\xed\xda\xb2\x68\x3f\x98\x9c\xec\x5f\xf2\x4a\x30\x1e\xcc\
\xa7\x14\xe9\x5c\xd9\xea\xcc\x2a\xfa\x1e\xca\x9c\x88\xbe\x66\x5c\
\xfb\x60\x6d\x95\xdf\xb7\xcb\xfc\xed\x77\x71\x0e\x28\xfa\x8a\xa8\
\xce\x2a\xf2\xfe\xf2\x36\x67\x26\x1c\x8d\x35\x6f\xd2\x41\xfc\x0c\
\xf0\x6e\xee\xf1\xfc\x2d\x73\x57\x7b\x7a\xe8\xd3\xe5\x12\x0e\x08\
\x45\x13\xf5\x8a\x76\xa3\x54\x83\x76\x4c\x0f\x5f\xf8\x6a\x43\x40\
\x20\x1a\x3f\x29\x4a\x0f\xe0\x00\x0b\x62\x9d\x83\x56\xdc\x5d\x88\
\x26\x04\xd9\x8f\x50\x26\xca\x3c\xd8\xde\xa9\xe1\xe4\x30\x40\xcd\
\xa1\xd6\x1d\xe5\x65\xe5\x7d\xa0\x8d\x82\x3d\x92\x8f\x7b\x02\x8a\
\x15\x6e\x48\xdc\x6d\x7d\xfa\x39\xf0\x74\x09\xfb\x17\x57\x5d\xfb\
\x72\x6a\x2c\x79\xe3\x81\xc6\x63\xdb\xfd\x8e\x99\x00\x2a\x4d\xf9\
\xd2\x43\x57\x07\x07\x17\xc1\xf3\x1d\x64\x15\x8c\xc4\xf6\x58\x9f\
\x8e\xae\x2b\xfe\x43\xee\x02\x40\xe1\x71\xbf\x63\xc6\x6b\x9b\xdb\
\x76\xa7\xc6\x92\x0b\xc6\x98\xd7\x81\x3d\xba\x5c\xf1\x66\x3e\xa7\
\x24\x00\xa4\x07\xd8\x5f\x1c\x31\xca\x69\xa3\x9c\x5e\x97\xb8\xd7\
\x11\xfb\x19\xc0\xd5\xa1\x6f\x26\x80\x41\x45\xde\x20\xb7\x3a\x9e\
\x80\x50\x73\x22\x0a\x44\xd7\xc7\xad\x83\x6b\x1d\x5c\x8f\x29\x47\
\x02\x2d\x89\xa6\x9c\xad\x2f\x80\xea\x50\x24\x16\x2c\x09\x50\xd1\
\x44\x69\x67\xde\x12\xab\x71\x00\x9f\xc3\x28\x80\xc5\x3c\x52\x00\
\x04\x23\xb1\x86\x50\x24\x76\xf6\x76\x36\xfb\x4a\x15\xb2\x19\xf7\
\x26\xe0\xb5\xa9\x0e\x00\x64\x6e\xfa\x6f\x00\x9a\xdf\xf5\x39\x07\
\x52\xaf\x48\x67\x5d\xdd\xb3\x5b\xb3\x16\x3c\x0b\x80\x95\xa3\xb3\
\x63\x75\xd7\xf0\x11\x46\xb3\x9d\x16\xc9\x29\x36\x84\x98\x4c\x01\
\x20\xe8\xef\x00\xcb\xdb\xe5\xde\xec\xb0\xfe\xe2\xdd\xbf\xbe\x1d\
\x8c\x5c\xf9\x1e\x20\x63\xed\xf3\x77\x8c\x88\xa4\x00\x6c\x95\xbb\
\x1b\xc0\xe6\x6a\x1a\x00\xd7\xb5\x57\xb2\x1d\x3a\x8d\x39\xc0\xd7\
\xde\x00\x00\x8d\xb0\xc6\x94\xdf\x31\xe3\xc5\x51\xe3\xea\x39\x00\
\xdf\x9a\xdb\x98\x2d\x21\x97\x0b\x80\xd9\xb1\xfe\x19\x60\x5e\xd0\
\x97\x00\xa6\x87\x92\x3f\xa1\x0c\x95\x86\x50\x41\xd1\x01\xa8\x30\
\x30\x35\xda\x37\x99\xed\x5c\xda\x15\xe6\xa6\x87\x7b\xaf\x15\x00\
\xb9\xb4\x8f\x81\x27\x43\xd1\x44\x7d\xce\x45\x07\xf0\xdb\x06\x90\
\xac\x84\x54\xc6\xb8\x1d\x00\x81\x68\xdb\xa3\x02\xcf\xa0\xfa\x51\
\xc1\x59\xfe\xe6\x96\xd9\x79\x16\xe5\xba\xaa\x7e\x52\x73\xa8\x75\
\xc7\xf4\xf0\x85\x5f\x41\x1b\x36\x72\xa2\xf0\x9d\xe3\xac\x3d\x31\
\x37\xd4\xff\x57\xa0\xe5\x44\xa5\x41\xbb\x81\xf4\x4a\xe5\x6a\xd7\
\x6d\x7e\x91\x42\xd1\x44\xbd\xaa\xbd\x88\xca\x44\xc6\xda\x63\xa9\
\xb1\xe4\x02\x40\xa8\x29\x5e\x67\x8d\x1e\x17\x64\x1f\x50\xae\x22\
\xf3\x46\xdd\xbe\xfc\xa1\x16\x68\x39\x51\x29\x6e\xa6\x17\xd1\x26\
\x55\x89\xce\x8c\xf4\xfd\xe8\x09\x00\x08\x34\xc7\x8e\x8b\xd0\x03\
\xa4\x8d\x71\x5e\xcd\x6d\xff\x92\x0a\x34\xc7\x1f\x13\xa1\x1b\xf4\
\x7e\x55\x69\x9f\x19\xe9\x3b\x7f\xe7\x0a\x7a\x28\xdc\xd2\x76\xd8\
\xb5\xf6\x4b\x81\xfb\x14\xbe\x35\xc8\x39\xac\x19\x9f\x1a\x0d\xa5\
\xe1\x8c\x86\x9a\x9e\xab\xc6\xac\x1d\x56\x91\x93\x28\x47\x81\xb4\
\x2a\x2f\x14\x77\xbe\x21\x00\xa0\xa6\xb5\xb5\xac\x62\xa9\xbc\x53\
\x55\x4f\x01\x35\x25\xd2\x7e\x56\xd5\x0f\x57\x2a\x57\xbb\xe6\x07\
\x06\x56\xbc\x12\x36\xf3\xd3\x27\x18\x49\xd4\x0a\xf6\x61\xab\x54\
\x01\x18\xe1\x4f\xc5\x5c\xca\x7f\x8a\xff\xab\xfe\x01\x82\x7b\x6b\
\x6f\x8c\x1f\xf1\x08\x00\x00\x00\x00\x49\x45\x4e\x44\xae\x42\x60\
\x82\
\x00\x00\x28\xfb\
\xff\
\xd8\xff\xdb\x00\x43\x00\x04\x03\x03\x04\x03\x03\x04\x04\x03\x04\
\x05\x04\x04\x05\x06\x0a\x07\x06\x06\x06\x06\x0d\x09\x0a\x08\x0a\
\x0f\x0d\x10\x10\x0f\x0d\x0f\x0e\x11\x13\x18\x14\x11\x12\x17\x12\
\x0e\x0f\x15\x1c\x15\x17\x19\x19\x1b\x1b\x1b\x10\x14\x1d\x1f\x1d\
\x1a\x1f\x18\x1a\x1b\x1a\xff\xdb\x00\x43\x01\x04\x05\x05\x06\x05\
\x06\x0c\x07\x07\x0c\x1a\x11\x0f\x11\x1a\x1a\x1a\x1a\x1a\x1a\x1a\
\x1a\x1a\x1a\x1a\x1a\x1a\x1a\x1a\x1a\x1a\x1a\x1a\x1a\x1a\x1a\x1a\
\x1a\x1a\x1a\x1a\x1a\x1a\x1a\x1a\x1a\x1a\x1a\x1a\x1a\x1a\x1a\x1a\
\x1a\x1a\x1a\x1a\x1a\x1a\x1a\x1a\x1a\x1a\x1a\xff\xc0\x00\x11\x08\
\x00\x8d\x00\xdc\x03\x01\x22\x00\x02\x11\x01\x03\x11\x01\xff\xc4\
\x00\x1d\x00\x00\x00\x06\x03\x01\x00\x00\x00\x00\x00\x00\x00\x00\
\x00\x00\x00\x00\x05\x06\x07\x08\x09\x02\x03\x04\x01\xff\xc4\x00\
\x5f\x10\x00\x01\x03\x03\x01\x04\x02\x0a\x09\x0b\x10\x08\x07\x01\
\x00\x00\x01\x02\x03\x04\x00\x05\x11\x06\x07\x12\x21\x31\x08\x13\
\x14\x15\x22\x32\x41\x51\x61\x71\x81\xb1\x16\x23\x35\x42\x91\x92\
\x93\xa1\xd2\x18\x33\x34\x52\x53\x54\x56\x62\x75\xb4\xd1\x43\x55\
\x72\x73\x74\x82\x83\x94\x95\xa2\xb3\xc1\xc2\xd3\xd4\xe1\x25\x26\
\x37\x38\x44\x84\xb2\xf0\x17\x24\x36\x63\x64\x76\xe2\xb5\xff\xc4\
\x00\x1c\x01\x00\x02\x02\x03\x01\x01\x00\x00\x00\x00\x00\x00\x00\
\x00\x00\x00\x05\x06\x04\x07\x01\x02\x03\x08\x00\xff\xc4\x00\x45\
\x11\x00\x01\x02\x03\x04\x05\x09\x06\x02\x08\x05\x05\x00\x00\x00\
\x00\x01\x02\x11\x00\x03\x04\x05\x12\x21\x31\x06\x41\x51\x61\x71\
\x14\x22\x81\x91\xa1\xb1\xc1\xd1\xf0\x13\x32\x33\x42\x52\xe1\x62\
\x92\x07\x15\x16\x23\x34\x72\x82\xb2\x17\x53\xa2\xd2\xf1\x24\x26\
\x35\x43\xc2\xff\xda\x00\x0c\x03\x01\x00\x02\x11\x03\x11\x00\x3f\
\x00\x9f\xd4\xd6\xb9\xd2\x43\x65\xcd\x38\xb6\xdd\xd5\xd1\x50\xb4\
\x28\xa5\x49\x53\x0f\x02\x08\x38\x23\xbc\xf1\x8a\x74\xaa\xb7\xf6\
\xcb\x62\x3a\x67\x6b\x1a\xbe\xde\x9c\xa5\xb5\x5c\x15\x2d\xa0\x06\
\x06\xe3\xe0\x3a\x00\xf2\x02\xb5\x0f\x45\x44\xa8\x9a\xb9\x49\x05\
\x30\xd5\xa3\x96\x55\x2d\xaf\x3d\x72\x67\xa8\x82\x03\x86\x6d\xac\
\x73\x07\x68\x89\x99\xf5\x49\xec\xb3\xf0\xc2\x1f\xc8\xbd\xf4\x28\
\xcb\x4f\x6d\xcf\x67\xda\xaa\xf5\x12\xcd\xa7\xb5\x2c\x69\xd7\x29\
\x6a\x52\x58\x61\x0d\x3a\x0a\xc8\x49\x51\xe2\x52\x07\x24\x93\xc4\
\xf8\x2a\xba\xb7\x8f\x8c\xfc\x34\xa8\xd9\xc5\xf1\xfd\x35\xad\xad\
\xd7\xb8\xa3\x7d\xdb\x53\x13\x26\x25\x27\x88\x57\x57\x11\xd5\x11\
\xe9\x00\x8f\x4d\x44\x4d\x64\xc2\xa0\x0b\x37\xad\xf0\xe5\x53\xa1\
\x74\x52\xe9\xe6\x2e\x5a\xd6\x54\x12\x48\x72\x19\xc0\x24\x3f\x36\
\x2c\xbe\x85\x6b\x8e\xfb\x52\xa3\xb4\xfc\x65\x87\x19\x75\x01\x68\
\x5a\x79\x29\x24\x64\x11\xe8\xad\x94\x5a\x2a\x38\x25\xd5\x5a\xb6\
\xcb\xa2\x6c\xee\x5d\xf5\x4c\xf4\x5b\xad\xcd\xad\x0d\xa9\xe5\xa5\
\x4a\x01\x4a\x38\x48\xc2\x41\x3c\x4d\x21\x7e\xa9\x3d\x96\x7e\x18\
\x43\xf9\x17\xbe\x85\x20\xba\x5a\xea\x5f\xf5\x73\xd8\xd3\x0a\x1b\
\xc6\x33\x77\x29\x03\x1c\x42\x53\x32\x3b\x4d\xfc\x25\x6e\x7c\x5a\
\x87\x3b\xc7\xc6\x7e\x1a\x1d\x3e\xa5\x52\xd7\x75\x2d\x16\x25\x83\
\xa3\x14\xd6\x9d\x17\x28\x9e\xa5\x02\x49\x01\x88\xc9\x86\xd0\x62\
\xc0\xfe\xa9\x3d\x96\x7e\x18\x43\xf9\x17\xbe\x85\x28\xf4\xee\xd5\
\xb4\x7e\xac\x86\xfc\xcd\x3b\x7b\x6a\x7c\x68\xef\x06\x5c\x71\x0d\
\x38\x02\x56\x53\xbc\x07\x14\x8c\xf0\xf1\x55\x6c\xe4\x9f\x09\xa9\
\x67\xb1\x2b\x29\xb4\xec\x7e\xc7\x2d\x5b\xc1\x77\xa9\xf3\x27\xa8\
\x2b\x9e\x32\x96\x91\xfc\xc6\xd2\x7d\x34\x12\xd5\xb6\x2a\x28\x68\
\x26\xd4\xcb\x48\x25\x01\xf1\x76\xcc\x0d\xbb\xe2\x4d\xab\xa2\xf4\
\x14\x12\x52\xa4\xad\x44\xa9\x40\x62\x46\xc2\x7e\x9d\xd1\x22\x7d\
\x98\x59\x7e\xfe\x4f\xc4\x57\xe8\xaf\x3d\x98\x59\x7e\xfe\x4f\xc4\
\x57\xe8\xa6\xb7\x27\xc7\x43\x27\xc7\x55\x67\xf8\x8d\x6a\x7f\x95\
\x2f\xa9\x5f\xee\x80\x5f\xa9\x29\xfe\xa3\xd9\xe5\x0f\x24\x0b\x8c\
\x5b\xa3\x05\xe8\x0e\x87\x9a\x0a\x29\x2a\x00\x8e\x23\xc1\xc6\xba\
\xa9\x2d\xa0\x3d\xc5\x7b\xf7\x4a\xfd\x42\x95\x35\x76\x59\x55\x6b\
\xae\xa0\x93\x53\x30\x00\xa5\xa4\x12\xd9\x62\x1f\x08\x56\xa8\x96\
\x25\x4e\x52\x06\x40\x91\x02\x8a\x65\x6a\x6b\x54\x39\x0e\x47\x93\
\x31\x28\x79\xb3\x85\xa7\x75\x47\x07\xd0\x2b\x0d\x4d\x79\xed\x35\
\xb1\x6b\x6c\x8e\xc9\x77\xb8\x64\x79\x7e\xdb\xcc\x07\x1f\x82\x9a\
\xae\x39\xe6\x49\x20\x12\x49\xe2\x69\x4b\x4a\x74\xa5\x56\x20\x12\
\xe9\x80\x54\xc7\x0e\xee\xc0\x10\xa6\xc8\x8c\x4d\xdd\xb9\x71\x82\
\x36\x7d\x00\xaa\x75\x4c\x70\x35\x36\xe6\xf3\x87\x4f\xd9\x85\x97\
\xef\xe4\xfc\x45\x7e\x8a\xc9\xbd\x59\x67\x75\xc4\x36\xdc\xd4\xa9\
\x6b\x50\x4a\x46\xe2\xb8\x92\x70\x07\x2f\x1d\x35\x79\x3e\x3a\x52\
\x68\xbb\x39\xb8\x5c\x0c\xc7\xc6\x63\x43\x50\x29\xcf\xbe\x77\x98\
\xf8\xbc\xfc\xe4\x52\xcd\x8d\xa6\x56\xcd\xb1\x5c\x8a\x49\x72\x91\
\x8e\x65\x95\x82\x46\x67\xde\xea\xda\x58\x6b\x89\xf5\x36\x65\x2d\
\x34\xa3\x31\x4a\x38\x70\xcf\xaa\x0a\xe4\xf4\xa2\xd9\x1c\x49\x2f\
\xc6\x93\xad\xa0\xb6\xfb\x0e\xad\xa7\x50\x59\x7b\xb9\x5a\x54\x52\
\xa1\xde\x78\x08\x35\xaf\xea\xaa\xd8\xf7\xe1\xc4\x1f\x91\x7b\xe8\
\x55\x71\xde\x14\xae\xde\xde\xb8\x9f\x75\x26\x78\x7f\xf9\x0e\x57\
\x1e\xf2\xbc\x67\xe1\xaf\x46\x8b\x2a\x41\x0e\xe7\xb3\xca\x11\x0d\
\x5a\xc1\xc8\x45\x9c\xd8\x3a\x46\xec\xbf\x54\x5e\xe0\xd9\x6c\x1a\
\xba\x1c\xeb\x9c\xf7\x7a\x98\xcc\x21\x97\x41\x71\x78\x27\x19\x28\
\x00\x70\x07\x99\xa7\x42\xaa\xd7\x61\x24\x9d\xb7\x6c\xff\x00\x24\
\xfb\xb2\x9f\xe8\x5d\xab\x4a\xa1\x15\xd4\xc8\xa6\x58\x4a\x4e\x62\
\x26\x48\x98\x66\xa5\xcc\x0a\x25\xd5\xba\xba\xcb\xa1\x6c\x12\xaf\
\xda\xb6\x7b\x76\xcb\x44\x42\x80\xfc\x97\x12\xa2\x94\x6f\xac\x21\
\x3c\x12\x09\xe2\xa5\x01\xcb\xc3\x47\x54\xc8\xf4\xbb\xe1\xd1\xf3\
\x55\xe3\xee\x90\x3f\x3e\x62\xa2\x49\x40\x99\x35\x28\x3a\xc8\x1d\
\xb1\xd9\x66\xea\x49\xd9\x1d\xbf\x55\x56\xc7\xbf\x0e\x20\xfc\x8b\
\xdf\x42\x87\xd5\x55\xb1\xef\xc3\x88\x3f\x22\xf7\xd0\xaa\xd7\xde\
\x57\x8c\xfc\x34\x37\x95\xe3\x3f\x0d\x31\xfe\xa9\x91\xb4\xf6\x79\
\x40\xce\x58\xbd\x82\x2d\x5f\x41\xed\x5f\x47\x6d\x38\xdc\x46\x83\
\xbe\xb1\x7a\xed\x71\x6c\x4b\xea\x90\xb4\xf5\x5d\x66\xf6\xe6\x77\
\x92\x39\xee\x2b\x97\x8a\x96\x55\x0c\xfa\x05\x92\x64\x6d\x1f\x27\
\x3c\x6d\x9e\xa9\x15\x33\x28\x0d\x54\x94\xc8\x9c\xa9\x69\xc8\x37\
\x74\x10\x94\xb3\x31\x01\x46\x05\x42\xfe\x98\xd6\x24\xdb\xf5\xc5\
\x82\xf8\x37\x50\xd5\xce\xda\xb8\xcb\x3c\xb2\xe3\x0b\xce\x4f\x9d\
\x2f\x01\xfb\xda\x9a\x14\xc5\x74\xb1\xb7\xc9\x5e\xcc\x9a\xbb\xc0\
\x58\x69\xeb\x3d\xc9\x97\x9c\x73\xab\x4a\x88\x69\xcc\xb4\xa0\x37\
\x81\xf0\xb8\x83\xfb\xda\x19\x52\x9b\xd2\x8e\xec\x61\xa7\x46\xaa\
\x4d\x35\xab\x28\x8f\x98\xdd\xd9\xef\x60\x35\x1d\x6d\xaa\x20\xc7\
\x5e\xd7\xdd\x5b\xf8\xe2\x8e\xf4\x93\x8c\xb9\x79\x79\x0a\x71\xb2\
\x93\x6a\xb9\x85\x77\x63\x97\x60\xbf\x5a\xbd\x90\xdd\xbe\xfe\x57\
\xc8\x33\xf4\x28\xef\x49\x6a\x0b\xa2\xaf\x4e\x05\xcc\x2a\x1d\xac\
\xb9\x1e\x2c\x35\xcc\x42\x7c\x8f\x79\xe4\xa0\xa9\x6b\xc3\xd7\x8c\
\x5e\x15\x46\x77\x27\x99\xcd\x1e\xea\xbe\x63\xb0\xfe\x18\x9c\x1d\
\x1f\x75\x10\xd4\xdb\x1b\xd2\x52\xca\x82\x9d\x62\x0a\x61\x3b\xdd\
\x64\xef\x30\x4b\x59\x3e\x52\x10\x15\xe9\xa7\x2e\xa3\x4f\x43\x9d\
\x56\xfd\xd7\x4e\xea\x5b\x24\xe7\x7a\xd7\x60\x4c\x6a\x53\x6a\x29\
\x4a\x7d\xad\xf4\x63\x00\x24\x01\xc1\x6d\x2c\xf2\xf7\xd5\x24\x9f\
\x79\xb8\xcc\xb8\xf3\xeb\x0d\xb4\xda\x4a\xd6\xa3\xc9\x29\x03\x24\
\xd1\xc9\x0a\xbf\x29\x26\x28\x4b\x6a\x98\xd2\xda\x53\xa5\x10\xdc\
\xe2\x7a\x0e\x23\xb0\xc4\x1f\xdb\xee\xa4\x6e\xfd\xb4\x3d\xa4\x36\
\x87\x1b\x5b\x56\x8b\x5d\xb6\xde\xda\x81\x1e\xf6\x63\x2e\x2c\x7a\
\x16\xe2\x81\xf3\x53\x0f\xd7\xb5\xf7\x56\xfe\x38\xa5\xd3\x1a\xd2\
\xeb\x7f\x8d\xaf\x6e\xef\x48\xdc\x72\x7a\x19\x96\x13\xd4\xb6\x77\
\x3a\xcb\x8b\x64\x0e\xf7\xc0\x08\x14\x9b\xf6\x43\x75\xfb\xf9\x5f\
\x20\xcf\xd0\xa0\xb3\x14\x16\xab\xcf\x9f\x99\xdf\x17\x75\x97\x4f\
\x36\x8e\x41\x90\x12\x39\xac\x3d\xe3\x9d\xc4\x3f\xca\x78\xc1\x33\
\xaf\xa4\xb4\xb0\xc2\xd2\xb7\x4a\x70\x84\xa5\x40\x92\xa3\xc0\x63\
\xd3\x8a\xb0\xcb\x85\x81\x3a\x57\x49\x69\x1b\x1b\x78\x22\xdb\x01\
\x31\x49\x1e\x12\x86\xd0\x92\x7d\x24\x67\xd3\x50\xfb\x64\x62\xe7\
\xab\x36\xa3\xa4\xed\x2f\x4a\xeb\x98\x72\xe0\x99\x0f\xa1\x51\xda\
\xdd\x53\x4c\x02\xea\x81\xc2\x39\x1d\xc0\x3d\x35\x36\xf6\x8a\x90\
\xb1\x6d\x0a\x19\x19\x70\xfc\xc2\x81\xe9\x02\x13\xfa\x8a\xa9\x4a\
\x25\x98\x0c\xbf\x10\xdf\xe3\x0a\x5a\x4d\x52\xb3\x5d\x4d\x4e\x40\
\xc1\xd5\x9b\xe7\x80\xd4\x36\x18\x45\x50\xac\x3a\xa4\x7d\xaf\xcf\
\x43\xaa\x47\xda\xfc\xf5\xe7\x7b\xb4\xff\x00\x5a\xbf\x28\xff\x00\
\x7c\x0f\x79\x9b\x07\x5f\xda\x1c\x8d\x01\xee\x2b\xdf\xba\x57\xea\
\x14\xa9\x24\x00\x49\x38\x02\x92\xbb\x3f\x01\x36\x47\x42\x46\x00\
\x92\xbf\x50\xac\x35\xbd\xe8\xc5\x8c\x2d\xf1\x95\x87\xa4\x27\x2e\
\x91\xcd\x2d\xf2\xc7\xa7\x97\x9b\x35\xe9\x4a\x1b\x42\x45\x95\xa3\
\x92\x6a\xa6\x9e\x6a\x65\xa7\x89\xc0\x30\xe2\x78\xc2\x3c\xd9\x2b\
\xa8\xad\x54\xb4\xe6\x49\x84\x9e\xa2\xbb\x9b\xcd\xcd\xc7\x50\x4f\
\x63\xb7\x96\xd8\x1f\x8b\xe1\x57\xa4\xf1\xf3\x62\x8a\xff\x00\x40\
\xf5\x56\xa0\xcb\x60\x60\x24\x60\x79\x6b\x35\x21\x2b\x50\x2a\x48\
\xce\xea\x47\x8b\x90\xaa\x0a\xae\xa9\x15\xe2\x75\x4c\xe5\xa8\xa9\
\x6b\x49\x3c\xd1\xb1\x78\x7b\xf9\x01\x80\xdc\x04\x37\xcb\x96\x64\
\x94\xa1\x20\x30\x07\x5f\x0d\xd1\xb5\x88\xee\xcb\x7d\xa8\xf1\x93\
\xbc\xfb\xca\x08\x40\xf2\x9f\x09\xf2\x0e\x67\xc8\x0d\x3b\xd6\xab\
\x73\x56\x98\x0c\xc4\x8f\xc5\x2d\xa7\x8a\x8f\x35\x2b\x99\x51\xf2\
\x93\xc6\x92\x9a\x06\xc8\x96\xdb\x72\xe8\xea\x00\x53\xa3\x72\x3e\
\x79\x84\x67\x8a\xbd\x27\xe6\x1e\x5a\x5b\xd5\xd9\xa1\x56\x1a\x6c\
\xca\x2e\x52\xb7\xbf\x35\x8e\x21\x88\x4e\xa0\xce\x59\xf3\x38\xec\
\x07\x28\x56\xb5\x2a\xcc\xf9\xb7\x06\x49\xef\xd7\xe5\x14\xf9\x79\
\x90\xc8\xbe\xde\x81\x79\xb0\x7b\x67\x33\x9a\xc7\xdf\x0e\x57\x1f\
\x64\xb1\xf7\x76\xbe\x50\x52\x9a\xef\xa9\xef\x29\xbd\xde\x02\x6e\
\x0a\x4a\x45\xca\x58\x00\x47\x67\x80\xeb\xd7\xf8\x95\xc9\xec\xa6\
\xf5\xfa\xe2\xbf\xe2\xec\x7d\x0a\xbf\x93\x79\x86\x1d\xbf\x68\x48\
\x53\x39\x85\x36\xc1\x9f\x69\x7b\x6f\xd9\xf8\x43\xad\xa8\xf6\xe5\
\x3c\x02\xc1\xfd\x45\xda\xb4\xea\xac\x7d\x87\x6a\x2b\xac\x9d\xb4\
\x68\x36\x64\x4d\x2e\xb4\xe5\xdc\x25\x49\x2c\x34\x32\x3a\xa7\x3c\
\x21\x00\xd5\x9c\x52\xe5\xaa\xfe\xd5\x2f\xb3\xc4\xc1\x3a\x4f\x70\
\xc0\xa6\x3f\xa5\xea\x92\x9e\x8f\x7a\xac\xa9\x41\x23\xac\x81\xc4\
\x9c\x7f\xc7\x31\x4f\x85\x32\xfd\x2c\x65\xbf\x07\x60\x7a\xa5\xf8\
\x6e\x75\x4f\x25\xc8\x3b\xab\xdd\x4a\xb1\x99\xac\x83\xc1\x40\x8e\
\x47\xc5\x43\xa9\xbe\x3a\x38\x8e\xf8\x91\x33\xe1\xab\x81\x8a\xd8\
\xec\x96\x3e\xee\xd7\xca\x0a\x1d\x92\xc7\xdd\xda\xf9\x41\x47\x7e\
\xca\x6f\x5f\xae\x2b\xfe\x2e\xc7\xd0\xa1\xec\xa6\xf5\xfa\xe2\xbf\
\xe2\xec\x7d\x0a\x76\xe7\x6c\x1d\x7f\x68\x05\x87\xaf\xf9\x89\x4d\
\xd0\x1d\xc4\x39\x23\x68\xfd\x5a\xd2\xbc\x1b\x66\x77\x54\x0f\x82\
\x4d\x4c\xea\x87\xdd\x06\x2e\xb3\x6e\x72\x36\x87\xdb\x09\x06\x47\
\x56\x6d\xbb\x99\x6d\x08\xc6\x44\x8c\xf7\xa9\x1e\x21\xce\xa6\x0d\
\x28\xda\x0f\xca\x94\xfb\xbb\x84\x19\xa6\xf8\x43\xd6\xb8\x14\x97\
\xda\x46\x9b\xf6\x5d\xa0\x35\x25\x8d\x28\x0b\x72\x75\xb9\xe6\x99\
\x07\xc0\xee\xe9\x28\x3e\x85\x04\x9f\x45\x2a\x28\x50\xe2\x01\x0c\
\x62\x64\xb9\x8a\x94\xb0\xb4\xe6\x0b\x8e\x88\xaa\x36\x1c\xeb\x98\
\x6d\xc3\xcd\x49\x04\xf9\xfc\x34\x7f\xa4\x3d\xdb\x73\xf2\x5d\xcf\
\xf3\x17\xe8\xfb\x68\x9a\x76\xc7\xa5\x75\xfe\xa6\xb3\x3a\xab\xd3\
\x46\x2d\xc5\xd2\x86\xd9\x6a\x3e\xe2\x5b\x70\xf5\x88\x03\x79\x59\
\xc6\xea\xd3\x8f\xfb\x15\xcb\xa4\x91\x61\xed\xcb\xbb\x8f\x5f\x37\
\xbb\x59\x72\xef\x99\x8d\xcb\xb0\x9f\xcf\x25\x73\xc6\x69\x79\x29\
\x29\x50\x07\x6c\x7a\x26\x6d\x5a\x27\xd1\x2a\x6a\x41\x65\x20\x91\
\x86\xa2\x97\x85\xd7\x44\xfb\xf7\x69\xf6\xb3\x1e\x0a\xd4\x7a\xbb\
\xd5\xb1\xe8\xa0\x67\x87\x58\xd8\x0f\x24\xfc\x54\x38\x3d\x35\x2a\
\x36\xf9\xa8\x0e\x9b\xd8\xf6\xad\x96\xd1\xf6\xe7\xa0\x98\x6d\x60\
\xe0\xef\xbe\xa0\xc8\x23\xca\x3a\xcc\xfa\x2a\x0c\x68\xdb\xed\x87\
\x4a\xea\xbd\x3d\x7d\x44\x8b\xe2\x05\xb6\x7c\x77\xd6\x54\xcc\x7d\
\xde\xac\x28\x05\x83\x85\x67\x05\x05\x43\xd3\x52\x7f\xa5\xfd\xfe\
\x03\x1a\x6b\x4e\xd8\x27\xb9\x35\x06\x7c\xf5\x4b\x3d\x88\x96\xd4\
\x4a\x18\x41\x18\x3b\xe4\x0c\x6f\x3a\x83\xfb\xda\x99\x21\x77\x69\
\xd6\x36\x78\xfd\xe1\x1e\xdb\xa2\x15\x16\xfd\x32\xc2\x4b\x2d\x9f\
\x0c\xee\x17\x3f\xe9\x68\x8a\x16\x24\x84\x69\xfd\x5c\x94\xf7\xa9\
\x81\x08\x0f\x30\x9c\xcd\x12\xd2\xbe\xca\x9b\x07\x68\x75\x6e\x1e\
\xbd\xe3\xb0\x62\x6f\x6f\x33\x1f\x38\xec\xd6\xb1\x8c\x2b\xc7\x44\
\x9b\x9a\x7f\xee\xb7\xff\x00\x91\x8b\xf4\xaa\x11\x19\x70\xf1\x30\
\xfb\x26\x70\xbf\x37\x03\xef\x6c\xfc\x08\x87\xd3\xa1\xde\x9f\xec\
\xfd\x73\x7f\xbe\x38\x90\xa6\xed\x56\xe4\x46\x46\x47\x27\x5f\x5e\
\x72\x3c\xa1\x2d\x11\xfb\xea\x93\x3b\x43\xe7\x6d\xfe\x17\xd4\x9a\
\x41\xf4\x51\xd3\xd0\xed\x7b\x32\x5d\xd2\x09\x92\xb1\x7b\x9e\xf4\
\x80\xb9\x28\x42\x57\xb8\x82\x19\x48\xee\x49\x18\xf6\xb5\x11\xfb\
\x23\x4b\xbd\xa2\x67\xfd\x1b\xba\x46\xf6\x5c\xe6\x3c\x18\x14\x3f\
\x48\xe5\xff\x00\xdb\xd3\xd3\xb4\x0f\xee\x11\x50\xda\x75\x7c\xaa\
\xdf\x52\xc6\x49\x37\x7f\x28\x63\xda\xf0\x89\xa1\x5e\x77\x7f\x89\
\x5e\x77\x7f\x89\x5e\x70\xe4\xa7\xeb\x4f\x58\x82\xbe\xd3\x71\xea\
\x85\xfe\x8f\x9a\xd5\xbb\x4d\x4c\x95\x25\x58\x69\xa7\xd6\xa3\xe3\
\x3c\x13\xc0\x79\x4f\x2a\x44\xcd\x98\xed\xc2\x5b\xd2\xa4\x9f\x6d\
\x75\x5b\xc4\x78\x00\xf0\x01\xe4\x03\x85\x66\xb9\xae\xf6\xa5\x88\
\x2d\x9c\x27\xaf\x5b\xce\xf0\xe0\xa3\xc0\x27\x1e\x60\x0f\xa4\x8f\
\x15\x72\x77\x7f\x89\x4d\xf6\xdd\x7c\xca\xba\x3a\x5a\x04\x28\x04\
\x4a\x42\x5f\x11\x8a\x8a\x46\x3c\x00\x38\x71\x30\x36\x92\x50\x97\
\x32\x64\xe2\x0b\xa8\x9d\x5a\x9e\x3d\xf0\x57\x6d\xa2\xd6\xbb\xcd\
\xc9\x98\x68\xc8\x42\x80\x53\xab\x1e\xf5\xb1\xcc\xf9\xf8\xe0\x79\
\x4d\x17\xa8\xa9\x29\x25\x45\x00\x01\xc7\x81\xa7\x4b\x49\xd8\xd3\
\x69\x80\x1d\x75\x2a\x13\x24\xa1\x0a\x7b\x78\x60\xa3\x87\x79\xe6\
\x1c\x7d\x26\xa4\xe8\x9d\x80\x2d\x4a\x82\x26\xb1\x96\x85\x25\x4a\
\x6c\x5d\x82\x99\x3d\x24\xe3\xb9\xe3\x4b\x42\xb3\xd8\x23\x9b\x81\
\x20\x81\xd9\x8c\x1e\x34\xd2\x18\x69\x0d\x32\x90\x86\xd0\x90\x94\
\xa4\x72\x00\x72\x15\x9d\x0a\x15\xe8\xa8\x4b\x8a\x81\xbc\x7b\xb9\
\x7a\xfc\xa9\x33\xf3\x87\x2b\x8e\x94\x77\x84\xe9\xae\xde\x5e\x37\
\x9e\xd4\x9b\xdd\xb2\x97\x9d\xc6\x22\x63\x3d\x7a\xf3\x8c\xaf\x3c\
\xeb\x8f\x77\x4c\xfd\xd7\x53\xfc\x84\x3f\xa7\x4f\x89\x56\x03\x08\
\x00\xa1\x89\x85\x46\xc2\x3f\xdb\x76\xcf\xff\x00\x2c\xa7\xfa\x17\
\x6a\xd2\xea\xb2\x76\x1c\x9d\x3d\xff\x00\x8c\xfa\x13\xb1\x1d\xbf\
\x99\x1d\xb6\x4f\x56\x24\x33\x18\x20\xab\xaa\x73\x99\x42\xc9\xc7\
\x9a\xac\xda\x97\x2d\x52\xf3\x53\xc3\xc4\xc1\x3a\x40\xc8\x30\x29\
\x91\xe9\x79\xfe\xef\x9a\xaf\xf6\xc8\x1f\x9f\x31\x4f\x75\x33\x1d\
\x2b\xc4\x43\xb0\x5d\x51\xdb\x35\x4a\x4c\x5e\xb2\x0e\xf9\x8a\x94\
\x29\xcf\xb3\x59\xc6\x02\xc8\x4f\x3c\x73\x3c\xa8\x75\x36\x13\xd1\
\xc4\x77\xc4\x89\x9f\x0d\x5c\x0c\x56\xe5\x0a\x38\xdd\xd3\x3f\x75\
\xd4\xff\x00\x21\x0f\xe9\xd7\x9b\xba\x67\xee\xba\x9f\xe4\x21\xfd\
\x3a\x75\xbd\xba\x01\xb4\x4a\x7e\x81\x5f\x64\x6d\x1f\xcf\x6c\xf5\
\x48\xa9\x99\x50\xff\x00\xa0\xc8\xb5\x87\xf6\x85\xda\x75\xdc\xd4\
\x73\x6d\xeb\x7b\x39\xb6\x53\x8e\x12\x31\xbb\xd5\xa8\xf9\x73\x9f\
\x25\x4c\x0a\x52\xb4\x0b\xd5\x2b\xa3\xb8\x41\x8a\x6c\x25\x0f\x5a\
\xe0\x50\xa1\x42\x87\xc4\x88\x83\xdd\x2d\xf4\xff\x00\x6a\xb6\xa1\
\x16\xea\xdb\x7b\xad\x5e\xad\x88\x52\x95\xf6\xcf\x32\xa2\x85\x7f\
\x31\x4d\x53\x47\xa4\x3d\xdb\x73\xf2\x5d\xcf\xf3\x17\xea\x5b\x74\
\xbb\xd2\x32\xaf\xba\x42\xc3\x75\xb5\xc3\x7a\x6c\xbb\x5d\xcb\xab\
\x52\x59\x41\x52\x83\x2f\x20\xa5\x47\xe3\xa5\xaa\x8c\x3a\x53\x49\
\xea\x06\xaf\x2e\x29\xcb\x1d\xc5\x09\xed\x65\xc8\x64\xb0\x79\x98\
\x4f\x00\x3e\x12\x28\x2c\xe9\x64\x4f\xc0\x6b\x11\x76\x58\x95\xf2\
\xa6\xd8\x41\x2b\x58\x0a\x4a\x54\x9c\x48\xd4\xed\xd8\xd0\x88\x2d\
\x87\x63\x96\xcf\x00\xb6\xf7\x7e\x11\x4e\x06\xd5\x35\xd1\xd7\x93\
\xb4\xb4\x82\xfa\xde\x55\xbf\x4c\xc2\x89\x20\xab\x91\x95\x82\xa7\
\xcf\x9f\x7b\x74\x7e\xf6\x93\x4d\xe9\x0d\x45\xd5\xa7\xfd\x03\x72\
\xef\x47\xea\x1e\x4a\xcb\xd8\x86\xa2\xfd\x61\xb9\x7c\x85\x46\x09\
\x58\x0c\xd9\xc3\x34\xc5\xd1\xcc\x9c\x89\xa6\x62\x5d\x2e\xd8\x8d\
\x79\xf7\x46\x56\x5f\x70\x75\x87\xee\x08\x7f\x9f\x33\x44\x0f\xb8\
\x5a\x65\xc5\xa7\x8a\x92\x93\xba\x3c\x67\xc1\xf3\xd2\xda\xcd\xa4\
\xef\xe9\xb1\x6a\xd4\xaa\xc9\x70\x4a\x97\x06\x20\x48\x2c\x1e\x24\
\x4d\x68\xfa\x85\x76\x6c\xe7\x67\x77\xab\xde\xd0\x74\xbc\x0b\x85\
\x9a\x6b\x30\xdc\xb9\xb2\xe4\x95\x3c\xc1\x09\xea\x9b\x3d\x62\xc1\
\x3e\x50\x8c\x7a\x6b\x37\x14\x58\x37\xa7\x31\xc4\x57\xd3\x49\x13\
\xe6\x15\xa4\x80\x5f\x31\x8b\x21\x3e\x51\x3d\xb6\x7d\xa7\x06\x91\
\xd0\xda\x7a\xc7\xba\x12\xbb\x7d\xbd\x86\x1c\xc7\x22\xe0\x40\xdf\
\x3e\x95\x64\xfa\x68\xb3\x68\x7c\xed\xbf\xc2\xfa\x93\x4b\x7a\x43\
\xed\x10\x84\xf6\xb4\xab\x80\xcb\x83\x3e\x5c\x0a\x8d\xa5\x72\xd4\
\xab\x0e\xa1\x08\x0e\x58\x30\x1f\xcc\x22\x86\xa1\x98\x57\x5a\x99\
\x8b\x38\x92\x49\xed\x84\x4d\x0a\xc7\xac\x47\xdb\x7c\xd4\x3a\xc4\
\x7d\xb7\xcd\x5e\x68\xe4\x35\x7f\xe5\x2b\xf2\x9f\x28\x76\xf6\xd2\
\xfe\xa1\xd7\x1b\x0f\x7a\x3d\x3e\xba\xc6\x82\x94\x02\x1b\x51\xc8\
\x4a\xc1\xdd\x24\x1e\x38\x3c\x6b\x1e\xb1\x1f\x6d\x53\x6b\x28\xaa\
\x8c\xd0\xd2\x95\xee\xa3\xe5\x3f\x42\x77\x47\x29\x53\x65\x84\x9e\
\x70\xcc\xeb\xde\x61\x43\xa4\x2d\x09\xba\x5d\x7a\xc7\xf0\x63\xc4\
\xdd\x71\x49\x3e\xf9\x79\xee\x47\x9b\x86\x7d\x02\x9c\xfa\x67\x2d\
\x17\x83\x66\xb8\x35\x2d\xb5\x15\x25\x3c\x1d\x48\xf7\xc8\x3c\xc7\
\xf5\x8f\x28\xa7\x81\xa7\x50\xfb\x48\x75\xa5\x6f\x36\xb4\x85\x24\
\xf8\xc1\xe4\x6a\xef\xd0\x25\x4b\x4d\x98\x64\x7b\x32\x85\xa4\x92\
\xa7\x04\x5e\x7c\x8e\x3b\xb0\xdc\xdb\xe1\x56\xd7\x0a\x33\xef\xde\
\x70\x46\x1b\xb7\x78\xf4\xc6\x74\x28\x50\xab\x1a\x02\xc5\x40\xde\
\x3d\xdc\xbd\x7e\x54\x99\xf9\xc3\x95\xc7\x4a\x9b\xb6\x87\xd5\x0b\
\xbd\x5e\x14\x8d\x39\x75\x5a\x55\x72\x96\x52\xa1\x1f\x81\x05\xf5\
\x90\x6b\x93\xd8\x2e\xaa\xfc\x1a\xbb\x7f\x16\xff\x00\x3a\x7b\x4c\
\xc4\x30\xe7\x0e\xb8\x00\xa4\xa9\xce\x10\xa1\xd8\x47\xfb\x6e\xd9\
\xff\x00\xe5\x94\xff\x00\x42\xed\x5a\x5d\x56\x76\xc4\x74\x7e\xa2\
\x85\xb6\x6d\x09\x22\x6d\x86\xe5\x1a\x3b\x57\x70\xa7\x1d\x71\x82\
\x12\x91\xd5\x39\xc4\x9f\x05\x59\x8d\x2e\xda\xaa\x0a\x9a\x96\x2f\
\x87\x89\x82\x74\x80\x84\x17\x81\x4c\x8f\x4b\xcf\xf7\x7c\xd5\x7f\
\xb6\x40\xfc\xf9\x8a\x7b\xa9\x99\xe9\x5b\x6f\x97\x74\xd8\x36\xa7\
\x8b\x6c\x8a\xf4\xc9\x4e\x39\x07\x71\x96\x53\xbc\xa5\x62\x6b\x24\
\xe0\x79\x81\x34\x3a\x98\xb4\xf4\x13\xb4\x77\xc4\x89\x9f\x0d\x5c\
\x0c\x56\xdd\x0a\x3f\xf6\x0b\xaa\xbf\x06\xae\xdf\xc5\xbf\xce\xbc\
\xf6\x0b\xaa\xbf\x06\xae\xdf\xc5\xbf\xce\x9d\x7d\xa2\x3e\xa1\xd7\
\x00\xee\xab\x64\x4a\x0e\x81\x5f\x64\x6d\x1f\xcf\x6c\xf5\x48\xa9\
\x99\x51\x0b\xa0\xed\x86\xeb\x64\x91\xb4\x2e\xdd\x5b\x65\xdb\xba\
\xe3\x6d\xea\xbb\x21\xbd\xcd\xfc\x09\x19\xc7\x9b\x23\xe1\xa9\x7b\
\x4a\x56\x81\x06\xa5\x44\x6e\xee\x10\x62\x98\x34\xa0\xfe\xb1\x81\
\x42\x85\x0a\x1f\x12\x21\x07\xb6\xad\x37\xec\xb3\x65\x1a\xb2\xd6\
\x94\x17\x1d\x72\xdc\xe3\xcc\xa4\x0c\x95\x3a\xd7\xb6\xa0\x7c\x64\
\x0a\xaf\x8d\x16\xdb\x0b\xbb\xa9\x68\x65\xb4\x87\x2d\x37\x23\xc1\
\x03\x91\x80\xfd\x5a\x12\x92\x14\x92\x95\x0c\x83\xc0\x83\xe1\xaa\
\xd8\x66\xc2\x74\xb6\xd1\x35\x0d\x88\x85\x04\xdb\x11\x7a\x8c\x8d\
\xef\x0a\x13\x12\x46\xe1\xf4\xa0\xa4\xfa\x68\x65\x5a\x39\xe8\x54\
\x59\x9a\x1f\x54\x79\x25\x5d\x33\xea\x2a\x1d\x44\x1f\xfe\x61\x10\
\xdc\x66\x37\x13\xed\x2d\x77\xa3\xde\x0a\xcb\xb1\x98\xfb\x83\x5f\
\x10\x56\x6d\xfd\x6d\x1f\xb1\x1e\xaa\xca\x85\x80\x22\xd9\x2a\x53\
\xe7\x06\xf6\x36\x1a\x4d\x83\x58\x04\xb4\x80\x3b\x02\x1f\x00\x91\
\xe1\x9c\xcd\x3c\x7d\x10\x34\xcb\x73\xf6\x93\x73\xbc\x16\x1b\xea\
\xac\xf6\xcd\xd4\xa8\x24\x0d\xd7\x9f\x5e\xea\x4f\xc4\x6d\xc1\xe9\
\xa6\x82\xcb\xee\x0e\xb0\xfd\xc3\x0f\xf3\xe6\x6a\x5a\xf4\x3c\xd3\
\xfd\x81\xb3\xfb\xad\xe9\xd6\xf7\x5d\xbc\x5c\xd7\xb8\xbf\xb6\x65\
\x90\x1b\x4f\xf3\xc3\xbf\x0d\x4b\xa7\x40\x54\xd4\xee\x0f\xda\x61\
\x2f\x48\xea\xcd\x35\x99\x53\x8e\x2b\x50\x4f\x5a\x50\xfd\x80\xc4\
\x88\xa4\x46\xd0\xf9\xdb\x7f\x85\xf5\x26\x96\xf4\x87\xda\x1f\x3b\
\x6f\xf0\xbe\xa4\xd0\xed\x2f\xff\x00\xc1\x54\x70\x1f\xdc\x22\x9f\
\xb3\x7f\x8b\x47\xad\x46\x11\x59\xa1\x9a\xf2\x85\x79\x75\x84\x3e\
\xc1\xfc\x6b\x42\xee\x3a\x55\x72\xa3\x82\xa9\x10\xe4\x38\x42\x47\
\xbe\x6f\x09\x2a\x1e\x7f\x08\xf3\x63\xc3\x44\x01\x5b\xc0\x14\x9c\
\x83\xc4\x1a\x71\x74\x07\xb8\xaf\x7e\xea\x5f\xa8\x52\x53\x54\x59\
\xbb\x4d\x73\x50\x69\x38\x89\x23\x2e\x33\xe2\x49\xf7\xc8\xf4\x73\
\x1e\x43\xe4\xab\x3a\xde\xb0\x84\xcb\x12\x92\xd4\x92\x9c\x44\xb4\
\x05\xf0\x60\xca\xe8\xc8\xee\x6d\x42\x00\xd1\xd5\xb5\x54\xc9\x0a\
\xd6\x4b\x78\x8f\x18\x25\xcd\x2d\xf4\x3d\xf0\x92\x6d\x72\x97\x9c\
\x27\x7a\x31\x3e\x2c\x71\x47\xf5\x8f\x4f\x8a\x91\x15\x9b\x4e\xb8\
\xc3\xcd\xba\xc2\x8a\x1d\x6c\xa5\x48\x50\xf0\x11\xca\x96\xb4\x7e\
\xd6\x5d\x89\x37\x95\x23\x2b\xc9\x0a\x1b\x52\x42\xdc\x77\x11\xbc\
\x08\x9f\x59\x4e\x2a\x93\xec\xce\xc2\xdc\x70\x87\xae\x85\x17\xd9\
\x6e\x8d\xde\x2d\xcd\x4a\x6f\x09\x51\x18\x71\x19\xef\x16\x39\x8f\
\xfb\xf0\x62\x8c\x2b\xd4\x12\x27\x4b\xa8\x94\x99\xb2\x8b\xa5\x40\
\x10\x76\x83\x94\x21\x29\x2a\x42\x8a\x55\x98\x8a\x7b\xbd\x43\x8e\
\xab\xf5\xe8\xaa\x3b\x2a\x3d\xb3\x99\xc4\xb6\x0f\xfc\x43\x95\xc5\
\xd8\x31\x7e\xf6\x63\xe4\x87\xe8\xa3\x3b\xc7\xbb\x97\xaf\xca\x93\
\x3f\x38\x72\xb8\xea\xc5\x49\x2c\x21\x71\x59\x98\x5d\x6c\x16\x2b\
\x0d\x6d\xbf\x67\xea\x69\x96\x90\x7b\x70\x9e\x29\x40\x07\xeb\x2e\
\x55\xa8\x55\x5a\xec\x23\xfd\xb7\x6c\xff\x00\xf2\xca\x7f\xa1\x76\
\xad\x2a\x96\xed\x6f\x8a\x9e\x1e\x26\x0a\x52\x7b\x86\x05\x31\xfd\
\x2f\x90\x95\xf4\x7a\xd5\x69\x5a\x42\x92\x5c\x81\x90\x46\x47\xd9\
\xcc\x53\xe1\x4c\x8f\x4b\xbf\xf7\x7c\xd5\x7f\xb6\x40\xfc\xf9\x8a\
\x1b\x4b\xfc\x44\xbe\x23\xbe\x24\xcd\xf8\x6a\xe0\x62\xb7\x3b\x06\
\x2f\xde\xcc\x7c\x90\xfd\x14\x3b\x06\x2f\xde\xcc\x7c\x90\xfd\x15\
\xbe\x85\x3c\x39\x80\x31\x2e\xfa\x03\x32\xdb\x32\x36\x90\x19\x6d\
\x0d\x82\x6d\x99\xdd\x48\x1e\x09\x35\x33\xea\x19\xf4\x0a\xfb\x23\
\x68\xfe\x7b\x67\xaa\x45\x4c\xca\x4f\xb4\x7f\x8a\x57\x47\x70\x83\
\x34\xdf\x08\x7a\xd7\x02\x85\x0a\x14\x3a\x24\xc0\xa8\x6d\xb7\x3b\
\x7c\x7b\x0e\xdc\xe6\x3c\x6c\xd0\x24\x0b\xbe\x9d\x97\x37\xaf\x71\
\x4f\x85\x29\x69\x85\x21\xa5\x27\xb9\x70\x27\x93\x69\xce\x07\x25\
\x73\xcf\x1a\x99\x35\x1e\xfa\x4f\x58\x43\x9e\xc6\xf5\x02\x46\x0c\
\x48\xf7\x78\x2e\x10\x39\x87\xad\xcf\xa9\x39\xf2\x02\xcf\xf3\xaa\
\x35\x42\x5d\x0f\xb0\x88\x62\xd1\xf9\xe2\x4d\x69\x49\x38\x2d\x2a\
\x4e\x64\x7c\xa4\x8c\xb7\x81\x10\xf1\xbb\xac\x4e\xad\x3f\xea\xed\
\x9b\xbd\x1e\xfa\x5f\xf7\xf5\x97\x6d\x62\x7e\x0e\xd9\xbe\x34\xbf\
\xef\xe8\xa9\xbf\xad\xa3\xf6\x23\xd5\x59\x50\x30\xa3\x17\xd1\x90\
\x97\xcc\xfe\x65\x79\xc2\xaa\xd7\x78\x88\xd6\x9d\xd6\x2e\xfb\x1e\
\xb4\x8e\xaa\xdf\x15\x44\x25\x72\xb0\xaf\xfc\xeb\x5c\x0e\x5e\xf4\
\xf0\xc5\x4f\xfd\x95\xe9\xf4\xe9\x7d\x9c\xe9\x9b\x52\x62\xb7\x09\
\x6c\x5b\xda\x53\xcc\x36\x54\x52\x87\x56\x37\xdc\x03\x78\x93\xdf\
\xa9\x5c\xc9\xa8\x1f\xb2\xbb\x22\x75\x35\xea\x65\x91\xc6\xcb\xad\
\x5c\x97\x6d\x61\xd4\x81\xfa\x97\x67\xb4\xa7\x0f\xa1\x09\x51\xab\
\x1f\x1c\x28\xa5\x1a\x73\x56\xef\x13\xf6\x8a\xa3\x4c\x66\x84\x2c\
\x53\xa4\x9f\x7a\xf1\x72\x4f\xc8\x80\x33\x3f\xcd\x02\x90\xfb\x44\
\x19\x16\xd1\xc4\x1c\xb8\x72\x3c\xc2\x97\x14\x88\xda\x1f\x3b\x6f\
\xf0\xbe\xa4\xd0\x5d\x2c\x51\x45\x87\x50\x46\xc1\xa9\xfe\x61\xa8\
\xc2\x55\x9c\x1e\xad\x03\xd6\x46\x10\xdb\x9f\x8e\xaf\x9a\x86\xe7\
\xe3\xab\xe6\xac\xa8\x57\x99\xb9\x4a\xf6\x27\xf2\xa7\xca\x1e\x7d\
\x9a\x77\xf5\x9f\x38\x71\x74\x07\x0b\x23\xa3\x9e\x24\xaf\x89\xf0\
\xf0\x14\x6f\x7e\xb4\x37\x7a\xb6\xbb\x19\x7c\x1c\xef\x99\x5e\x71\
\xb8\xb1\x9c\x1f\xd3\xe4\x26\x8a\x34\x07\xb8\xaf\x7e\xea\x5f\xa8\
\x52\xa6\xbd\x45\x61\xa1\x15\x16\x25\x3a\x26\xa4\x14\xaa\x5a\x41\
\x0d\x81\x04\x62\x1b\x26\x84\x3a\xa2\x51\x54\xb2\x93\x88\x27\xbe\
\x18\xf5\x34\xb6\xd4\xb4\x3b\xbe\xdb\x88\x51\x4a\xd2\x71\x94\xa8\
\x1c\x11\xca\xb2\x58\xde\x56\x52\x4a\x7b\x94\x8c\x03\x9f\x07\x3a\
\x58\x6b\xab\x2f\x52\xf2\x6e\x91\xd3\xed\x6e\x10\x89\x00\x0e\x4a\
\xe4\x95\x7a\x79\x1f\x45\x23\xfc\x3e\x81\xea\xaa\x1e\xdc\xa1\x9f\
\x62\xcd\x9d\x4c\xa0\x0a\x6f\x24\xa4\xdd\x4e\x29\x21\x6d\xab\x31\
\x91\xde\x0e\xa8\x6c\xa4\x9a\x8a\xa4\xa5\x61\xdd\x8b\xe2\x73\xc3\
\x7c\x1f\x69\x1b\xcf\x6a\x2e\x05\xa7\xd6\x4c\x59\x45\x29\x59\x51\
\xef\x15\xe0\x57\xcf\x83\xe8\xf1\x53\xa1\x4c\x89\x00\x82\x0f\x10\
\x69\xca\xd1\xb7\xa3\x72\x80\x63\x48\x5e\xf4\xa8\xa0\x24\x93\xcd\
\x68\xf0\x2b\xfa\x8f\xf9\xd3\xc6\x81\x5b\xe6\x61\x36\x64\xf2\x1f\
\x34\x60\x07\x14\xe1\xf9\x87\x4e\xe8\x17\x6b\xd1\xdd\xfd\xfa\x3a\
\x7c\x0f\x87\x54\x55\xdd\xde\xf5\x08\x5e\xef\x23\xd8\xb5\x89\x58\
\xb9\x4b\x19\x52\xa6\xe4\xfb\x7a\xf8\x9c\x48\x02\xb9\x3b\x75\x0b\
\xf0\x56\xc1\xf1\xa6\xff\x00\x89\xad\x7a\x9a\x13\xf6\xdd\x59\xa9\
\x20\xcd\x41\x6a\x54\x5b\xc4\xd6\x9e\x41\xf7\xaa\x12\x17\xfd\x44\
\x1f\x31\x14\x59\x5e\x9e\x4a\x45\xd1\x8f\x69\x8a\xed\x44\xb9\x87\
\x0f\x65\xda\x91\x98\x1b\x43\xb0\x4d\x83\xa6\xac\x51\xe5\xc3\x5c\
\x99\x2c\x38\x93\x30\xee\xb8\xdc\x37\xd6\x93\x83\x20\x82\x32\x91\
\x91\xe2\xa5\xd4\x7e\x9a\xbb\x52\x76\x3b\x4e\x16\x34\xa0\x2b\x42\
\x55\xee\x5b\xfe\x11\x9f\xbe\x29\xa9\xd9\xcf\xfe\xb7\xb5\xfe\xd3\
\x3f\xf3\x09\x34\x91\x85\xf6\x14\x6f\xda\x51\xff\x00\x48\xae\x0a\
\x91\x2a\x64\xc3\x7c\x3e\x03\x3e\x26\x3a\x09\xab\x42\x45\xd3\x12\
\x23\xea\xd1\xda\x8f\xdc\x34\xa7\xf2\x5b\xff\x00\xe2\x2b\x9a\xf7\
\xd2\x3f\x58\xed\x37\x45\xeb\x0b\x1e\xb4\xb7\xe9\xb9\x96\xc6\xad\
\x6d\x4c\x0d\x33\x0e\x43\x25\x4e\x22\x74\x50\x9c\xa8\x48\xce\x3b\
\xb2\x70\x31\xc4\x0e\x38\xc8\x2c\x3d\x1f\x69\xdf\x72\x75\xb7\xff\
\x00\x5e\x1f\xff\x00\x42\x1d\x60\xd2\xc8\x4b\x14\xa4\x02\xe3\xbe\
\x32\x27\x4c\x38\x13\x1a\x3b\x75\x0b\x8f\xfa\xab\x60\xf8\xd3\x7f\
\xc4\xd0\xed\xd4\x2f\xc1\x5b\x07\xc6\x9b\xfe\x26\x8a\x0f\x33\x42\
\xa4\xdd\x1b\xfa\xcc\x71\x73\x13\x2b\xa0\xc4\xe6\x26\x48\xda\x1f\
\x63\xda\xa0\x5a\xf7\x0d\xb7\x7b\xb1\x0b\xe7\xac\xc8\x91\xdf\x75\
\xae\x2f\x96\x38\x63\x1c\xce\x73\x53\x02\xa1\xcf\x40\xb8\x6f\x86\
\x76\x87\x38\xb6\xa1\x11\xd9\x10\x23\xa1\xdc\x70\x53\x8d\xb6\xea\
\x96\x91\xe5\x01\xd4\x67\xf6\x42\xa6\x35\x29\x5a\x0d\xca\x54\xdb\
\xbb\x84\x18\xa7\xf8\x42\x05\x0a\x14\x28\x7c\x48\x81\x49\x3d\xa6\
\x69\x87\x35\x7e\x84\xbf\x5a\x61\xb4\xdb\xb7\x07\xe0\xbe\x98\x3d\
\x62\xf7\x42\x5f\x2d\xa9\x28\x39\xf0\x71\x57\xc0\x4d\x2b\x28\x56\
\x08\x70\xd1\xd2\x5c\xc5\x4a\x58\x5a\x73\x05\xe2\x06\xa7\xa2\x9e\
\xd2\x92\x90\x3b\x12\xcf\xc0\x63\xdd\x2f\xff\x00\x15\x97\xd4\xa9\
\xb4\xaf\xbd\x2c\xff\x00\xca\x5f\xfe\x2a\x73\x4b\xb9\x43\x82\x33\
\x36\x53\x2c\x70\xc8\x0b\x58\x04\xf9\x85\x12\x4a\xd7\x56\x96\x3e\
\xb2\xa7\xa5\x1f\xfd\xb6\xf0\x3e\x15\x62\x97\xaa\xea\x6c\xba\x0f\
\xe2\x67\xa5\x07\x61\x50\x7e\xac\xe1\xe6\x5e\x95\x5b\x53\xbd\xc4\
\x83\xfd\x3f\x78\x62\x3a\x3d\xec\x37\x56\x6c\xf7\x5d\xcc\xbb\xea\
\xe8\xb6\xe4\xc2\x5d\xad\x6c\x34\x59\x95\xd7\x28\x3d\xd6\xb6\xa0\
\x71\xba\x31\xdc\x85\xf1\xf2\xf9\x6a\x4e\x52\x19\xcd\x79\x2d\xfc\
\x8b\x75\xb3\x3e\x25\x2d\x45\x5f\x30\x1f\xd7\x5c\x6f\x6a\x1d\x42\
\xf7\x15\x3b\x1e\x0a\x7f\x62\x91\xff\x00\x56\x4d\x05\xfd\xb0\xb2\
\x64\xa1\xa9\xc2\xe6\x01\xf4\xa0\xf7\xaa\xe8\x81\x15\xd2\xeb\xad\
\x39\xfe\xde\xa6\xea\x54\x40\x19\xec\xdc\x1e\x1c\x5a\x49\xeb\x5b\
\x4c\xeb\x98\x82\x6d\xd1\xfb\x23\xaa\x2b\xdf\x01\xc4\xa7\x19\x03\
\x1d\xf1\x1e\x2a\x4a\xbb\x3e\x5b\x84\x99\x57\xe7\x4e\x79\xa5\xa5\
\xa8\xfa\xb0\x2b\x89\x62\x0a\x8e\x5d\x5c\xb9\x4a\xf1\xab\x03\xd7\
\x9a\x59\xb5\x74\xc6\x96\xbe\x99\x74\xab\x91\xcc\x56\x6f\x31\x20\
\xe6\xf9\x26\xf9\xec\x8c\x53\xd9\x93\x24\xcc\x13\x02\xf1\x1f\x84\
\x9e\xf6\x8d\x8e\x59\x6e\x0c\xfd\x79\x86\x9b\xfd\x94\xc6\x47\xf6\
\xab\x49\x80\xf0\x19\x52\xe2\x0f\xf9\xd6\x4f\xf6\xa8\x07\x61\xa3\
\xeb\x70\x12\x7c\xae\x38\x4f\xaa\xb2\x13\xf7\x3e\xb5\x1a\x2b\x7f\
\xc1\xe7\xd7\x55\xc9\x9b\x64\x02\xfe\xcf\x0f\xe6\x59\xef\x4a\x60\
\xd8\x4d\x41\xf9\xbb\x07\x99\x85\x66\x93\xbc\xdb\xec\xf6\xc7\x19\
\xb8\x4c\x65\xb7\x54\xfa\x96\x12\x95\xef\xf0\xc0\x1c\xd3\x91\xe0\
\xa3\xf4\x6a\x9b\x4b\x9f\x5b\x94\x54\x3c\x61\xa5\xfe\x8a\x6f\x59\
\x91\x31\x6d\xf5\xae\xbe\x98\x91\xfe\xdb\xab\x00\xab\xcc\x31\xc6\
\xb6\xc7\xb8\xaa\x44\xc6\x59\x46\xf9\x68\x93\x95\x38\x72\xa5\x70\
\x3f\x05\x3e\xd0\xe9\x7c\xea\x59\x52\xa9\xe5\xa5\x29\x4e\x09\x48\
\x29\x2e\x46\x43\xff\x00\x61\xc3\x79\x01\xf5\x3c\x08\x9b\x66\xa2\
\x62\x94\xb2\x49\x38\x93\x8f\xda\x16\xf3\x35\x0d\x8e\x4c\x77\x63\
\x4c\x92\x92\xd3\xa8\x29\x5a\x54\xda\xc6\x41\xf4\x53\x76\xf4\x04\
\xa2\x43\x88\x89\x2e\x34\x96\x53\x80\x87\x55\x21\xb6\xca\x86\x39\
\x90\x48\xc1\xad\xec\xdd\x14\xe2\x02\x1f\x79\x71\xd7\xe0\x75\xbe\
\x23\xf7\xc9\xac\x64\x49\x9b\x1f\x1d\x79\x6d\xe6\xd5\xde\xac\xb6\
\x95\x25\x5e\x9a\x13\x6a\xe9\x14\xab\x6a\x42\x4d\x54\xb0\xa4\xa4\
\xbb\xa5\x24\x11\xa9\x8f\xef\x1d\xb1\xd8\xc4\xe4\x62\x45\x3d\x11\
\xa5\x59\xf6\x65\x89\xda\x7b\xb0\x8d\x29\xb6\x49\x59\xc3\x7d\x8a\
\xb3\xf8\xb3\x99\xfa\x54\x6b\x66\xb5\xdf\x20\x4f\x66\x5c\x38\x3d\
\x66\xe1\xc2\xc2\x64\xb4\x42\x90\x79\x8e\x0a\xff\x00\xb2\x05\x14\
\xf6\x62\x15\xf5\xd8\x71\x57\xe6\x41\x4f\xaa\xbc\xdf\x82\xbe\xfe\
\x09\x41\xf1\xb6\xef\xe9\xa0\x54\x95\x76\x55\x34\xe4\xce\x42\x19\
\x49\x20\x8e\x7a\xd2\x41\x1f\xd0\xa1\x12\xe6\x4b\x9e\xb4\x94\x93\
\x81\xdc\x0f\x88\x84\xee\xdd\xfa\x2c\xc0\xda\x95\xc5\xcd\x49\xa5\
\xa7\xb7\x60\xd5\x0e\x21\x29\x90\x5d\x6c\xae\x34\xe0\x91\x84\x97\
\x00\xee\x92\xb0\x00\x1b\xe9\xcf\x00\x01\x07\x03\x11\xd5\xde\x86\
\xfb\x56\x6d\xc5\x21\x2c\x69\xe7\x92\x0f\x05\xa2\xe8\xb0\x15\xe5\
\xc1\x6b\x35\x2d\x19\x92\xd3\x5f\x62\xcf\x9f\x13\xc8\x14\x71\xf3\
\x1a\xef\x62\xf5\x74\x68\x62\x2d\xf1\x0e\x0f\x13\xc0\x67\xf9\xc3\
\xfa\xea\xe1\xa3\xfd\x26\x25\x09\x08\x54\xa2\xdf\x85\x48\x51\xea\
\x25\x27\xb2\x16\x66\xd8\x01\x45\xc2\xba\xc1\x1e\x62\x22\xae\x8e\
\xe8\x9d\xb4\xeb\x2e\xa5\x87\x3e\x7c\x5b\x20\x8e\xcb\x52\x92\xad\
\xcb\x99\x51\xcb\x91\x5e\x69\x3c\x3a\xbf\xb6\x71\x34\x9f\x8f\xd0\
\xdf\x6b\x0d\x47\x69\xb3\x12\xc0\x4a\x1b\x4a\x7d\xd6\x57\x80\x63\
\xee\x55\x37\x19\xd5\x57\xd6\x40\xeb\xa2\x46\x96\x81\xcc\xb7\x90\
\x4f\xc0\x4f\xaa\xbb\x19\xd7\xec\x24\xe2\xe1\x02\x44\x63\xf8\xa4\
\x2c\x7c\xf8\x34\xc3\x2b\xf4\x83\x40\xa2\xf3\x56\x65\x93\xf5\xa1\
\x43\xb5\x9b\x5e\xd8\x84\xab\x12\x60\x0c\x91\x7b\x81\x07\xef\x10\
\x6f\xea\x3a\xda\xbf\xde\x76\x0f\xe5\x65\x7f\x75\x46\xb6\x7e\x89\
\x3b\x50\x85\x6f\xd4\xac\xc8\x8b\x63\x0e\x5c\x2d\x22\x2b\x1b\xb7\
\x42\x47\x59\xd9\x71\xdd\xe3\xed\x7c\x06\xeb\x4a\xf4\xe2\xa7\x34\
\x4d\x55\x68\x99\xc1\xb9\xcd\xa1\x5e\x27\x72\xdf\xfd\x58\xa3\x84\
\xa9\x2b\x48\x52\x14\x14\x93\xc8\x83\x90\x69\x96\x9e\xdf\x4d\x6a\
\x6f\x53\xcc\x4a\xc7\xe1\x20\xf7\x18\x80\xba\x11\x28\xb2\xd2\x47\
\x18\xae\xcf\xa8\xeb\x6a\xff\x00\x7a\x58\x3f\x95\x95\xfd\xd5\x1e\
\x69\x9e\x84\xba\xee\xe5\x39\xb4\xea\xbb\xb5\x9a\xc3\x6f\x0a\x1d\
\x6a\xe2\x38\xb9\x6f\x91\xf8\x89\x28\x4a\x01\xf2\x92\x71\xe2\x35\
\x3e\x28\x54\xb3\x69\xd4\x11\x98\xea\x8e\x62\x96\x50\xd5\x09\xbd\
\x05\xa0\xec\x9b\x36\xd2\xf0\xb4\xee\x94\x8b\xd8\xd6\xf8\xa0\x9c\
\xa9\x5b\xce\x3c\xe1\x39\x53\x8e\x2b\xdf\x2d\x47\x89\x3e\x81\x80\
\x00\x0a\x4a\x14\x28\x61\x25\x45\xce\x71\x24\x06\xc0\x40\xa2\xab\
\x86\xa4\xb6\x5b\x49\x4c\x99\x48\x2e\x8f\xd4\xdb\xee\xd5\x9f\x30\
\xe5\xe9\xa4\x7e\xb8\xd4\xda\x6a\xc1\x79\xb7\xdb\xb5\x96\xaf\x91\
\x6a\x76\xec\xbd\xc8\x51\x12\x02\x10\xbe\xe9\x29\xe2\xa0\x83\x81\
\x95\x27\x8a\x88\x1c\xcf\x20\x70\x93\x91\xb4\x1d\x8f\xda\x66\x48\
\x87\x71\xd5\x21\x32\x63\x4b\x72\x23\xcd\xb8\xb7\xc1\x4b\xa8\x56\
\xea\x81\xdd\x48\xe0\x0f\x0d\xee\x5e\x5a\x03\x5b\x3a\xd3\x2e\x9a\
\x41\x2d\x3b\xd6\xa3\xfd\xa9\x1d\xea\x1c\x20\xad\x3d\x11\x98\x02\
\x8a\x16\xa7\xca\xea\x73\xe9\xfb\x42\xde\x6e\xd0\x56\x72\x2d\xb0\
\xc2\x47\x81\x6f\xab\xfb\x23\xf4\xd1\x64\x89\xd7\x89\xdc\x67\x5c\
\xc4\x74\x1e\x3b\x8d\xac\x23\x87\xa3\x1f\x39\xa4\xc5\xd3\x6a\x7b\
\x2c\x89\xa5\x2f\xb7\xbd\x3e\xf4\x5b\xfb\x96\x9e\xad\xa3\x1b\xac\
\x75\x1d\x63\xee\x95\x86\x9b\xdf\x58\xc0\x0a\x2d\xab\xba\xc1\x00\
\x24\x9f\x3f\x7e\x9f\xda\xb6\xcc\x65\x69\xdd\x33\x74\xbb\x0b\x4d\
\x96\x45\xf8\x96\x9a\x8e\xeb\x3d\x68\x44\x84\x29\x08\x75\xb2\xe0\
\x46\x30\x95\xad\x23\x7c\xee\x82\x08\x57\x2c\xe1\x4a\x6d\x85\x6b\
\xd7\xa8\xf2\xda\xf7\x1b\x12\xe9\x4f\x4d\xd2\x97\xe9\x30\x54\x4b\
\x54\x94\xbc\xaa\x53\x9b\x62\x1c\xbb\x3e\x45\xc8\xc3\x1c\xb2\x8d\
\xdd\x8f\x6d\x8f\x92\xec\xa6\x5c\x59\xe7\xbf\x25\x28\xf5\x64\xd7\
\xa8\x99\x15\x1f\x63\xc9\xb6\x35\xe5\x4e\x5c\x57\xc3\x4a\xab\x36\
\xb8\xd1\x37\x21\xa8\xcd\x9a\x6c\x15\x8d\x34\xa5\xa6\xee\x51\x1c\
\xa3\xb1\x4a\x37\xf7\xb3\x94\x8c\x81\xd5\xaf\x8a\x72\x3b\x93\x45\
\xfa\x73\x6e\x7b\x3b\xd5\x17\x58\xb6\xad\x3f\xa9\xe1\x48\x9f\x28\
\xe1\x86\x0a\x1c\x68\xb8\x71\xde\x8d\xf4\x81\x9f\x27\x33\x5c\xd1\
\xa1\x14\xd2\x88\xbb\x38\x0e\x09\x63\xd7\x7a\xf7\x6c\x6b\xca\xab\
\x16\x14\x7d\x8a\x88\x4e\x79\x96\xd7\x8e\x0c\x30\xc7\x84\x13\xa9\
\xc7\x24\x0c\x1b\x8b\xce\x0f\x13\x51\x9d\x23\xe6\x15\x8a\x6d\x7b\
\xfc\x52\x8b\x83\x9e\x54\xdb\x9d\x3e\xb1\x58\xd8\xba\x40\x69\xcb\
\xae\xb0\xd4\xf6\xe5\xdd\xad\x86\xcb\x6b\x83\xd9\x91\xe5\x34\x5e\
\x2e\xac\x34\x95\x99\x41\x48\x28\xe4\x8d\xcc\xe4\x73\x04\x63\x7b\
\x8e\x14\x30\xf6\xdd\xa0\x6e\x02\xca\x61\x6a\x48\xcf\x0b\xdc\xc5\
\xc2\xb7\xee\xb6\xe6\x5d\x7d\x2a\x42\x4b\x7d\xef\x72\x72\xeb\x7d\
\xf6\x33\xbc\x08\xe1\x5b\xab\x41\xac\xc9\xc5\xe6\xcc\x2a\x3c\x4f\
\x89\x31\xb2\xa7\xda\x32\x8b\x09\x44\x7f\x4e\xe7\xd9\xb0\x13\xd0\
\x76\x41\x2a\x6c\xee\x1e\x51\x6e\xa7\xfe\x41\x43\xd7\x59\x8b\x0b\
\xe7\x94\x0b\xa9\xfe\x01\x09\xf5\x9a\x75\xa8\xb6\xe9\x7e\xb7\xd9\
\x96\xca\x2e\x4f\x96\x56\xf0\x51\x6c\x06\xd4\xbc\x84\xe3\x3d\xe8\
\x38\xef\x87\xc3\x5b\xaf\x41\xec\x2a\x69\x66\x64\xe5\x29\x29\x19\
\x92\xa0\x07\x59\x11\x04\x5a\xb5\x6b\x37\x52\x01\x3c\x21\xbe\x1a\
\x76\x51\xe5\x6c\xb9\x9f\x3f\x54\x3f\xb5\x5b\x99\xd3\xd3\x1a\x5e\
\xf8\xb3\x4d\x70\x8e\x41\xc7\x19\xc0\xf4\x6f\xd2\xb9\xcd\x6b\x62\
\x69\x90\xf3\x93\xc0\x41\x0a\x27\xda\x96\x4a\x42\x79\x95\x0c\x65\
\x3c\xfc\x38\xcd\x6a\xf6\x7b\xa7\xb2\x00\xb8\x64\x94\x6f\x8c\x30\
\xe1\xca\x7e\xdb\xbd\xe5\xe5\xf2\xd7\x24\xe8\xd6\x8c\x4a\x50\x22\
\x70\x7c\xf1\x5a\x36\x38\x39\x6c\xc7\xb6\x32\x6b\xab\xd4\x3d\xde\
\xc3\xe7\x09\x87\x74\xf5\xca\x42\xca\xde\xb5\xdc\x16\xaf\x06\x64\
\xb0\x31\xe6\x1b\xdc\x2b\xd6\x34\xf5\xc2\x3b\xc9\x75\xbb\x44\xcd\
\xe4\xe7\x19\x92\xc1\x1c\xb1\xf6\xd4\xa8\x67\x5d\xe9\xf9\x0a\x4a\
\x59\xb8\xa5\x45\x41\x24\x1e\xa9\x78\xc2\xbb\xd5\x67\x77\x01\x27\
\x8f\x1e\x5c\x0f\x8a\xb7\xfb\x2f\xb3\x75\x52\x1c\x13\x41\x4b\x0b\
\x4a\x17\xed\x6b\xc9\x51\xde\xc0\x48\xc7\x75\x9d\xd5\x72\xcf\x22\
\x6b\xb0\xd1\xcd\x1e\xbe\x66\xfb\x61\x78\x17\x7b\xc8\x77\x18\xb9\
\x2d\xb0\x3f\x0c\x63\x5e\x5b\x5a\xd7\x6e\xe1\xc0\xf0\x84\x5f\xb1\
\x89\xdf\xad\x13\xbf\x8c\xb1\xf4\xab\x6b\x16\x3b\x94\x60\xa4\xa2\
\xd3\x39\x4d\xab\xbe\x6d\x4f\x30\xa4\x9f\x46\xf5\x2e\x2d\xb7\xfb\
\x75\xd9\x32\x15\x02\x48\x58\x8f\x8e\xb7\x79\x0a\x6f\x73\x39\xe2\
\x77\x80\xe1\xc0\xf1\xf2\x51\x7f\xb3\xab\x06\x71\xd9\xc7\x27\x90\
\xea\x1c\xca\xbc\xdd\xcf\x1f\x45\x65\x3a\x33\xa3\xd2\x02\x66\x89\
\xa1\x2e\xec\x6f\x20\x38\x19\xb1\x6c\x40\xd7\xdb\x1f\x72\xea\xd5\
\xba\x6e\xbf\x41\xe8\xd7\x09\x05\x69\xd9\x79\x27\xb5\x17\x14\x03\
\xe0\x4b\x8c\x90\x3f\x9d\x5a\xcd\x82\x48\xe7\x6c\xba\x8f\x32\x1b\
\x3f\xda\xa5\xc5\xaf\x58\xd9\x2f\x53\x84\x2b\x64\xd1\x22\x49\x6c\
\xb9\xba\x1a\x58\x1b\xa1\x45\x24\xe4\x8c\x73\x04\x63\xc8\x68\xf7\
\x23\xc7\x5b\xcb\xd0\xab\x0a\xa0\x5f\x96\x4a\x86\xe2\x96\xec\x4c\
\x60\xda\x95\x68\x2c\xae\xd0\x7c\xe1\xa7\x36\x47\x53\xdf\x41\xbb\
\x27\xfe\x54\x2b\xd4\x6b\x5a\xad\x2a\x1d\xf4\x7b\xaa\x7c\xf6\xe5\
\x9f\x50\xa3\x0b\xff\x00\x48\x4d\x9a\x69\x7b\xdd\xce\xcb\x7f\xd5\
\xb0\xe0\xdd\x2d\x78\xec\xc8\xeb\x6d\xd2\x5a\xc8\x41\xe6\x13\x83\
\xf5\xc4\x72\x27\x9f\x90\xe3\x81\x5d\x27\xf6\x48\x92\xa0\xad\x6f\
\x6f\x05\x31\x93\x24\xfb\x5b\xbf\x5b\x50\x49\x07\xbc\xe7\x85\x27\
\x87\x3e\x3c\xab\xa2\xbf\x47\x56\x62\xc7\x35\x2b\xf5\xc0\x08\xd4\
\x5b\x53\xc6\xb1\x1a\x7b\x09\x2d\x12\x77\xe6\x32\x7c\x6a\x80\xea\
\x7d\x42\xb6\x09\x9d\x48\xc2\xae\xc9\xc7\xda\xbe\xca\xff\x00\xb4\
\x2b\x74\xfe\x93\x1b\x29\xb6\x40\xb6\xce\x9d\xac\xa1\x35\x16\xe7\
\x19\x72\xa1\xb9\xd4\xbc\x7a\xd6\x90\xe2\xda\x52\x80\x08\xc8\xc2\
\xdb\x5a\x70\x78\xe5\x26\x94\x11\x76\xc1\xa2\x26\xeb\xa5\x68\x78\
\xba\x82\x33\xba\xa4\x64\x76\xbc\x21\x7b\xc7\x0d\x07\x4e\x15\xbb\
\xba\x7d\xac\x85\x73\xf1\xf8\x8d\x72\x4f\xe8\xfe\x9a\x46\x32\x54\
\xa4\xfe\x6f\x05\x08\xdb\xf5\xc2\xd5\xef\x00\x7a\xbc\xa1\x2f\xd9\
\x30\x1e\xc8\x79\xfb\x5b\x9e\x54\x3a\x5a\x3f\xa2\xb7\xc6\x69\xa6\
\x09\x5d\xae\xe6\x62\xa8\xf8\x1b\x90\x08\x3f\x01\x19\xac\xaf\x7d\
\x22\x76\x4f\x64\xbe\xcc\xb1\xdf\xf5\x75\xb2\x25\xce\x14\x83\x1a\
\x4b\x2f\xb6\xe0\x0d\xba\x39\xa4\xab\x77\x77\x87\x84\xe7\x03\x8f\
\x8a\xb8\xef\x1b\x74\xd8\xc5\xae\xe3\x72\xb7\xde\x75\x05\x91\xb9\
\x96\xe5\xee\x4a\x6d\x71\x14\xbd\xc2\x48\x1c\x08\x41\x0a\xe2\xa1\
\xc8\x9e\x75\xa7\xec\x02\x9e\xfa\x66\x73\xb5\x1b\x84\x1f\xcc\x14\
\x15\xdb\x19\x16\xc6\x0c\x46\x1c\x7c\x19\xa1\x42\xce\xa6\xbc\xdb\
\x91\xbf\x21\x71\xae\x0c\x02\x32\x4f\x72\xaf\x84\x7e\x83\x47\x10\
\x75\xdd\xbd\xfc\x26\x6a\x1d\x84\xbf\x09\x50\xdf\x47\xc2\x3f\xac\
\x0a\x6b\xb5\xee\xd7\xb6\x63\xa5\x23\x69\x17\x98\x5d\x82\x41\xd4\
\xce\x47\x79\x95\x3d\x27\xb0\xc3\x36\xf7\x32\x4c\xc5\x61\x05\x41\
\x1d\xce\xea\x41\x03\x79\x47\x19\x01\x2a\x29\x38\xb9\xeb\x8d\x91\
\xdb\xf5\x1d\xc3\x4e\xcd\xbf\xc6\x8b\x7a\xb7\xc3\x5c\xe9\x31\x93\
\x21\xfc\xa1\x84\xb1\xd9\x0a\x58\x23\x29\x56\x19\x3b\xf8\x49\x27\
\x77\x27\x1c\x0d\x10\x93\x62\xe9\x35\x11\x06\x9e\xa4\x2d\x3b\x26\
\x05\x1f\xf5\x7b\xdd\xa6\x39\x2a\xaa\x86\x68\x37\xe5\xb1\xda\x96\
\x1d\x99\x43\xb9\x1a\x53\x13\x1b\x0e\x44\x79\xb7\xdb\x3e\xf9\xb5\
\x05\x0f\x9a\xb7\x53\x11\x2b\x69\xbb\x23\xb3\x59\xac\x97\xff\x00\
\x67\xaa\xb6\xc0\xbe\x97\x13\x6d\x92\x87\x57\x97\x83\x6e\x16\xd6\
\x77\x4a\x0a\x82\x42\xc1\x49\x52\x80\x4e\x7c\x34\xeb\x68\x6d\x45\
\x6d\xd5\x9a\x62\x15\xeb\x4f\x5e\x7b\x7f\x6b\x98\x14\xa8\xd3\xba\
\xbd\xce\xb1\x29\x51\x49\xe1\xba\x9e\x4a\x49\x1c\x87\x2a\x6c\xa6\
\x15\xe1\x3f\xf5\x72\xc2\x4e\xd4\x92\x43\xf4\xa5\x24\x70\xc7\x8c\
\x0e\x5f\xb1\x7f\xdd\xa8\x9e\x23\x1e\xc2\x62\x3e\x74\xb0\xb5\x35\
\xaa\x35\x5e\xcf\x34\xf3\x01\x6d\xdc\x27\x09\xed\xb2\xe8\x67\x78\
\x29\x4a\x4b\x61\xb6\xd4\xaf\x02\x54\xe6\xe8\x27\xde\x82\x55\xe0\
\xe3\x1f\x53\x71\x44\xad\x01\x69\x91\x2d\x0b\x45\xe6\x4e\xb7\x90\
\xeb\xb2\xc4\x10\xb5\xb6\x96\xe3\x45\xdf\x0a\x4e\x06\xf1\x0b\x73\
\x7b\xab\x3c\x14\x42\xb3\x56\x4d\x8a\xf3\x74\x0e\x40\x73\xcd\x61\
\x74\xd7\xd4\x54\xf9\xfa\xf5\xc6\x1a\x28\xb4\x85\x54\x74\xf2\xe4\
\x19\x57\x82\x32\xc7\x69\x51\x3a\x8e\x6e\x1c\x62\x39\xa3\x6c\x57\
\x2d\x96\xea\xd4\xdb\x35\xdf\x49\x36\x95\xbb\x70\xd4\x9a\xc2\x1f\
\x59\x31\xfb\x72\x9b\x68\xc7\x42\x97\x82\x42\x3b\xa4\x12\xe2\x81\
\xea\xd3\xde\xa5\x4b\x00\xd7\x35\xb2\x5b\x7a\xdf\x4e\xe8\xed\x0e\
\x5b\x7d\x8b\x8c\x5b\xbd\xc5\xa8\xaf\x88\x67\x71\xc4\x4a\x42\x54\
\xd2\x54\xa3\x83\xc5\xf1\x85\x7d\xaa\x70\xaf\x06\x2a\xc8\xf0\x28\
\x60\x56\x9c\x93\x6a\xbf\xe1\xdf\x6c\x4b\xfd\xa9\x20\x92\x99\x2c\
\x5e\xf0\x37\xb2\x55\xd2\x9b\xde\xee\xc3\x96\x58\x44\x5e\xe8\xb5\
\x72\x8e\x9d\x99\x6d\x06\xf1\x7f\x8d\xd9\x2a\x45\xc9\xf5\x5c\x52\
\x63\x02\xeb\xa8\x6e\x23\x65\x4d\xa9\x38\x1b\xc7\x8a\xc6\xe9\xf0\
\xa9\x5e\x33\x51\xc3\x66\x93\x55\x06\xfb\xa1\xe5\x2e\x24\xab\xd0\
\xb3\xdc\x15\x3e\x44\x06\x60\x90\xa6\xda\x6d\x28\x59\x74\x3c\x9c\
\x17\x08\x08\x2b\x09\x51\x09\x49\x6c\x0e\x4b\x35\x66\x00\x01\x9c\
\x70\xcd\x00\x00\xe5\x5b\x9a\x77\x09\x17\xb2\xed\xc5\xe2\x24\x9d\
\x20\x12\x66\x54\x2c\x49\xf8\xba\x9f\xdd\xe6\xa9\x2c\x30\x7c\x94\
\x72\x63\xa9\xd9\xde\xb9\x74\x96\xa3\x6f\x4e\xea\x48\xf7\xeb\xe4\
\x64\xc9\x85\xaa\x2c\xf7\x6e\xce\x66\x2c\x15\xb8\x50\x97\xd6\xfa\
\x70\x12\xae\xe4\xf7\x6d\x24\x77\x38\x01\x07\x8f\x87\x26\xbb\x1f\
\xb4\x39\x6d\xda\x56\xcb\x13\x20\xae\x4d\xae\xee\xe8\xb8\x47\xec\
\x86\x00\xcb\xed\x34\xeb\x4e\xe3\x39\xe2\x87\x1a\x18\x20\xf1\x1d\
\x5a\x88\xce\x2a\xc1\x70\x28\x6e\x8e\x1c\x39\x72\xad\x45\x23\x37\
\x3b\x2f\xb6\xfd\xd1\xde\x6e\x93\x19\x89\x98\x91\x25\xaf\x82\x93\
\xce\xd5\xce\x6f\x97\x34\xde\x00\x6e\x4b\x6b\x70\x92\xbe\xda\x75\
\x44\xab\x83\xee\xd9\xae\x71\xd8\x88\xb4\x24\x34\x85\xa9\x49\x28\
\x38\xc1\xe4\x93\x9e\x3c\x73\xe8\xa2\x1d\xa5\xc8\x6a\x14\x7b\x42\
\x6e\x4e\xb4\xb9\x42\x34\x8c\xba\xb5\xa5\xa0\xe6\x12\x80\xa0\x09\
\x3c\x32\x70\x71\xe4\xf2\x53\x99\x58\xad\xb4\x39\x8d\xf4\x85\x63\
\xc6\x33\x50\x6b\xec\x94\x56\x53\x4e\x92\x95\x94\x99\x8c\xe4\x95\
\x28\x06\x2f\x82\x4a\x99\x3f\xd2\xdd\x90\xad\x2a\xa0\xcb\x5a\x54\
\x40\x37\x77\x01\xd6\x5b\x1e\x97\x86\x4a\xf9\x6a\x6b\x4e\xc4\x88\
\xed\xc9\xe8\xc5\xc9\x71\x9d\xea\x82\x54\x50\x90\xca\x42\x48\x46\
\x55\x82\x54\x4a\x89\xc0\x1c\x39\x63\xc7\xc2\xc2\xe2\xc8\xb6\xbc\
\xf4\x72\xc9\x53\x29\x65\x0e\x3c\x85\x85\x06\x50\xb4\x3a\x37\x54\
\x73\x94\x82\xa0\x9e\x07\x1c\x71\xe2\xa7\xed\x48\x4a\xb1\xbc\x90\
\x70\x72\x32\x39\x57\x25\xce\xd5\x1e\xeb\x02\x4c\x29\x01\x48\x6a\
\x40\xc2\xcb\x67\x75\x5c\xf3\xcf\xf4\xf0\x3c\x8f\x0a\x5c\xaa\xd0\
\xf9\x33\x66\x2d\x52\x66\x5d\x49\x49\x01\x38\x9f\x94\x8c\x49\x51\
\x7c\x4b\x92\x41\x3a\x9e\x26\x4b\xb4\x54\x90\x02\x83\xe3\x9f\x4f\
\x0d\x98\x67\x0c\x9a\x8b\x68\x6a\x09\x84\xdb\x4d\x48\x95\x21\x69\
\x61\x3d\xcf\xb7\x34\x0b\x69\x0d\x23\x8f\x75\x82\x16\x06\x32\x06\
\x4e\x39\xf1\xf2\x33\x71\x9b\xb5\x09\x0d\x3a\x97\x2d\xed\xbf\xd8\
\xee\xb9\xbe\x0e\xee\x52\x95\x25\x2a\x3e\xf7\x81\x5a\x46\x71\x82\
\x71\xcc\xd3\xe1\x06\xde\xc5\xbe\x1c\x58\x91\xc1\x2d\x46\x6c\x36\
\xd9\x59\xde\x50\x00\x60\x71\x3e\x6a\xde\x1a\x6d\x29\x52\x52\x84\
\x84\xac\x92\xa0\x07\x03\x9e\x79\xac\xab\x44\x25\xcc\x5a\xa6\x19\
\xcc\x54\x03\xb0\xc1\xc0\x4b\x6b\xc4\x02\x09\x66\xc4\x28\xa7\x7c\
\x7c\x2d\x12\x90\x00\x4e\x03\xcc\xf9\xf6\x3c\x36\x7a\x34\x34\xed\
\x87\x54\x4b\x75\x90\x2d\xcf\x32\x46\x23\x10\x12\x00\x42\xf7\xd0\
\xd1\xe4\x12\x01\x00\x63\x20\x12\x46\x4e\x29\x25\x6b\x75\xa7\xd9\
\x98\xf3\x2d\x46\x90\xb6\xf7\x1d\x7e\x43\x0a\xeb\x3a\xa0\x16\x06\
\xfe\x47\x7b\xbd\xbc\x77\x87\x89\x24\xf2\x4d\x3f\x69\x48\x42\x42\
\x52\x00\x48\x18\x00\x0e\x02\xb5\x3f\x11\x99\x11\x9e\x8e\xe2\x3d\
\xa9\xe4\x14\x2c\x24\xee\x92\x08\xc7\x31\xc4\x70\xa9\xf5\x5a\x38\
\x2a\x64\xcb\x94\x66\x91\x75\x2b\x49\x20\x62\xab\xe0\x83\xad\x80\
\x72\xec\x42\xb2\x18\xbe\x31\xc6\x5d\x65\xc5\x15\x5d\xcc\x83\xc1\
\xbd\x6e\x86\xfb\x66\x11\x58\x71\xe9\xf3\x19\x65\x05\x2d\xb4\xdb\
\x0d\x3c\x92\x14\x01\x39\x53\x81\x24\x70\xe2\x77\x54\x71\xe3\x19\
\xe3\x49\xad\x9e\xec\xf3\x6c\x36\x0d\x55\x02\x76\xbc\xda\xbb\x1a\
\xa2\xc4\xca\x5d\x12\x6d\xc8\xb1\xb3\x1c\xbc\x4a\x08\x41\xeb\x12\
\x32\x37\x54\x42\xbc\xb8\xc7\x86\x9d\xdb\x2d\x9e\x35\x8a\xdc\xd4\
\x1b\x78\x58\x61\xb2\xa2\x37\xd4\x54\x72\x49\x27\xe7\x27\x95\x77\
\xd3\x0d\x99\x21\x74\x34\x82\x4a\x98\xa8\xb9\x56\x01\x9d\x44\xa8\
\xb3\x87\x01\xc9\x6c\x8b\x33\xc4\x49\xeb\x13\x66\x15\x0c\xb5\x74\
\x60\x22\xb5\xba\x46\xba\xa9\x3b\x6c\xda\xc0\xb6\x2a\x44\x54\xae\
\x1c\x46\x96\x94\xdb\xca\xd3\x21\x48\x4c\x3d\xf4\x95\x81\x94\x02\
\x77\x55\xbe\x9e\x27\x73\x77\x91\xcd\x10\xeb\x3d\x4b\x6e\xd4\x9a\
\xaa\xf1\x74\xd2\xf6\xf9\x1a\x5a\xda\xfe\x8c\x8c\xcf\x6b\x9b\xb3\
\x75\xa9\xdf\x4a\x1a\x0b\x8c\x92\x47\x70\x93\xdc\xe1\xf1\xdd\x61\
\x1c\xb8\xd5\xa3\xd0\xa6\x34\x57\xdc\x48\x17\x72\x0d\x9f\x0d\xdb\
\xa2\x01\xa7\x72\x71\xcf\xef\x15\x61\xac\x26\xb1\xac\xb4\x75\x92\
\x25\xa6\x3b\xd1\x1b\xd2\x1a\x0e\x2b\x2f\x87\xed\x8e\xa1\x6f\x4c\
\x76\x62\x50\xf2\x9b\x29\xe0\xa1\xbc\xe2\x0e\x57\xc0\x85\x38\x71\
\x93\x9a\x7a\xb6\x21\xaf\x20\x6b\x5e\x96\x4a\xd4\x2f\xdb\x25\x32\
\xf5\xf3\x4e\x06\x9b\x0e\x5b\xca\x03\x13\x91\x1e\x3f\x5c\xbc\x9e\
\xf5\x25\x2c\xb8\x90\xbe\x64\x10\x39\x1a\x9c\xb4\x2b\x55\x56\x85\
\x20\xa6\xee\xdd\x7b\x5b\x76\xd1\x19\x12\x59\x4e\xf1\x5f\x3a\xc3\
\x47\xab\x6b\xdd\x27\xf6\x85\xa5\x34\xed\xc0\x69\xa6\xee\x89\xea\
\x5c\x7d\xfb\x2f\x5e\x87\x17\x1d\xb8\xe5\xdc\x71\x4e\xe1\x52\xd2\
\x54\x1c\x04\x15\x63\x74\xf0\x5f\x16\xf7\x6a\x30\xa3\x5a\x35\x96\
\xd3\x2c\xba\x6d\xe9\xd1\x20\x5b\xa3\xc1\xb6\x34\x87\x2d\x5d\x62\
\xa6\x2a\x38\x8c\xd2\x94\x5c\x03\xda\xbd\xb1\x0a\x77\x7d\x3c\x57\
\x8d\xd3\xc1\x55\x69\x14\x2b\x28\xb4\x14\x82\x30\xc0\x00\x1b\x83\
\x63\x96\xee\x8d\x51\x85\x53\x82\x0e\x3e\xbd\x18\xac\x8d\x78\x84\
\xda\x6e\x93\x2e\x37\x6b\x2c\xd9\x16\xed\x5f\xb3\xcb\x64\x6d\x2a\
\x53\x04\xba\x1b\x7c\x33\x09\x21\x09\x00\x1d\xc5\xa0\xb1\x23\x29\
\x4f\x74\x3a\xd1\x81\x85\xe6\xb7\x6a\xfd\x3b\x72\x87\x74\x6d\xb6\
\x59\x9b\x13\x54\xe8\x3d\x0d\x65\x91\x74\x68\xc1\x05\x0a\x08\x4e\
\xeb\xf9\x57\x10\xb2\xd3\x12\xa3\xa4\xe4\x1d\xe4\xb6\xe2\x79\x24\
\x66\xcc\x68\x56\x45\xa0\x40\x02\xee\x5f\x6f\x0c\xe3\x3e\xc0\x63\
\x8e\x71\x5a\x32\xdc\x6b\x46\x2f\x66\x7a\xb2\xf5\x65\x44\xeb\x04\
\x8d\x9b\xa6\x25\xb5\x6f\xda\xfb\x2e\x22\x6e\x3d\x5c\x8c\x25\xd6\
\xf1\x85\x7b\x6b\x9b\xea\x07\x89\xeb\x77\xb8\xe0\xd4\xdb\xe8\xdd\
\x6c\xb8\xda\x36\x21\xa4\x22\xdf\x6d\x2d\x58\xa6\x88\xab\x71\x50\
\x1a\x69\x4d\x86\x50\xb7\x96\xb4\x02\x95\x29\x4a\x4a\xb7\x14\x92\
\xa0\x4e\x72\x4e\x71\xca\x9d\x3a\x15\x1a\x75\x4f\xb6\x48\x49\x0d\
\xe8\xf9\xc7\x44\x4b\xba\x49\x78\xff\xd9\
\x00\x00\x28\xfb\
\xff\
\xd8\xff\xdb\x00\x43\x00\x04\x03\x03\x04\x03\x03\x04\x04\x03\x04\
\x05\x04\x04\x05\x06\x0a\x07\x06\x06\x06\x06\x0d\x09\x0a\x08\x0a\
\x0f\x0d\x10\x10\x0f\x0d\x0f\x0e\x11\x13\x18\x14\x11\x12\x17\x12\
\x0e\x0f\x15\x1c\x15\x17\x19\x19\x1b\x1b\x1b\x10\x14\x1d\x1f\x1d\
\x1a\x1f\x18\x1a\x1b\x1a\xff\xdb\x00\x43\x01\x04\x05\x05\x06\x05\
\x06\x0c\x07\x07\x0c\x1a\x11\x0f\x11\x1a\x1a\x1a\x1a\x1a\x1a\x1a\
\x1a\x1a\x1a\x1a\x1a\x1a\x1a\x1a\x1a\x1a\x1a\x1a\x1a\x1a\x1a\x1a\
\x1a\x1a\x1a\x1a\x1a\x1a\x1a\x1a\x1a\x1a\x1a\x1a\x1a\x1a\x1a\x1a\
\x1a\x1a\x1a\x1a\x1a\x1a\x1a\x1a\x1a\x1a\x1a\xff\xc0\x00\x11\x08\
\x00\x8d\x00\xdc\x03\x01\x22\x00\x02\x11\x01\x03\x11\x01\xff\xc4\
\x00\x1d\x00\x00\x00\x06\x03\x01\x00\x00\x00\x00\x00\x00\x00\x00\
\x00\x00\x00\x00\x05\x06\x07\x08\x09\x02\x03\x04\x01\xff\xc4\x00\
\x5f\x10\x00\x01\x03\x03\x01\x04\x02\x0a\x09\x0b\x10\x08\x07\x01\
\x00\x00\x01\x02\x03\x04\x00\x05\x11\x06\x07\x12\x21\x31\x08\x13\
\x14\x15\x22\x32\x41\x51\x61\x71\x81\xb1\x16\x23\x35\x42\x91\x92\
\x93\xa1\xd2\x18\x33\x34\x52\x53\x54\x56\x62\x75\xb4\xd1\x43\x55\
\x72\x73\x74\x82\x83\x94\x95\xa2\xb3\xc1\xc2\xd3\xd4\xe1\x25\x26\
\x37\x38\x44\x84\xb2\xf0\x17\x24\x36\x63\x64\x76\xe2\xb5\xff\xc4\
\x00\x1c\x01\x00\x02\x02\x03\x01\x01\x00\x00\x00\x00\x00\x00\x00\
\x00\x00\x00\x05\x06\x04\x07\x01\x02\x03\x08\x00\xff\xc4\x00\x45\
\x11\x00\x01\x02\x03\x04\x05\x09\x06\x02\x08\x05\x05\x00\x00\x00\
\x00\x01\x02\x11\x00\x03\x04\x05\x12\x21\x31\x06\x41\x51\x61\x71\
\x14\x22\x81\x91\xa1\xb1\xc1\xd1\xf0\x13\x32\x33\x42\x52\xe1\x62\
\x92\x07\x15\x16\x23\x34\x72\x82\xb2\x17\x53\xa2\xd2\xf1\x24\x26\
\x35\x43\xc2\xff\xda\x00\x0c\x03\x01\x00\x02\x11\x03\x11\x00\x3f\
\x00\x9f\xd4\xd6\xb9\xd2\x43\x65\xcd\x38\xb6\xdd\xd5\xd1\x50\xb4\
\x28\xa5\x49\x53\x0f\x02\x08\x38\x23\xbc\xf1\x8a\x74\xaa\xb7\xf6\
\xcb\x62\x3a\x67\x6b\x1a\xbe\xde\x9c\xa5\xb5\x5c\x15\x2d\xa0\x06\
\x06\xe3\xe0\x3a\x00\xf2\x02\xb5\x0f\x45\x44\xa8\x9a\xb9\x49\x05\
\x30\xd5\xa3\x96\x55\x2d\xaf\x3d\x72\x67\xa8\x82\x03\x86\x6d\xac\
\x73\x07\x68\x89\x99\xf5\x49\xec\xb3\xf0\xc2\x1f\xc8\xbd\xf4\x28\
\xcb\x4f\x6d\xcf\x67\xda\xaa\xf5\x12\xcd\xa7\xb5\x2c\x69\xd7\x29\
\x6a\x52\x58\x61\x0d\x3a\x0a\xc8\x49\x51\xe2\x52\x07\x24\x93\xc4\
\xf8\x2a\xba\xb7\x8f\x8c\xfc\x34\xa8\xd9\xc5\xf1\xfd\x35\xad\xad\
\xd7\xb8\xa3\x7d\xdb\x53\x13\x26\x25\x27\x88\x57\x57\x11\xd5\x11\
\xe9\x00\x8f\x4d\x44\x4d\x64\xc2\xa0\x0b\x37\xad\xf0\xe5\x53\xa1\
\x74\x52\xe9\xe6\x2e\x5a\xd6\x54\x12\x48\x72\x19\xc0\x24\x3f\x36\
\x2c\xbe\x85\x6b\x8e\xfb\x52\xa3\xb4\xfc\x65\x87\x19\x75\x01\x68\
\x5a\x79\x29\x24\x64\x11\xe8\xad\x94\x5a\x2a\x38\x25\xd5\x5a\xb6\
\xcb\xa2\x6c\xee\x5d\xf5\x4c\xf4\x5b\xad\xcd\xad\x0d\xa9\xe5\xa5\
\x4a\x01\x4a\x38\x48\xc2\x41\x3c\x4d\x21\x7e\xa9\x3d\x96\x7e\x18\
\x43\xf9\x17\xbe\x85\x20\xba\x5a\xea\x5f\xf5\x73\xd8\xd3\x0a\x1b\
\xc6\x33\x77\x29\x03\x1c\x42\x53\x32\x3b\x4d\xfc\x25\x6e\x7c\x5a\
\x87\x3b\xc7\xc6\x7e\x1a\x1d\x3e\xa5\x52\xd7\x75\x2d\x16\x25\x83\
\xa3\x14\xd6\x9d\x17\x28\x9e\xa5\x02\x49\x01\x88\xc9\x86\xd0\x62\
\xc0\xfe\xa9\x3d\x96\x7e\x18\x43\xf9\x17\xbe\x85\x28\xf4\xee\xd5\
\xb4\x7e\xac\x86\xfc\xcd\x3b\x7b\x6a\x7c\x68\xef\x06\x5c\x71\x0d\
\x38\x02\x56\x53\xbc\x07\x14\x8c\xf0\xf1\x55\x6c\xe4\x9f\x09\xa9\
\x67\xb1\x2b\x29\xb4\xec\x7e\xc7\x2d\x5b\xc1\x77\xa9\xf3\x27\xa8\
\x2b\x9e\x32\x96\x91\xfc\xc6\xd2\x7d\x34\x12\xd5\xb6\x2a\x28\x68\
\x26\xd4\xcb\x48\x25\x01\xf1\x76\xcc\x0d\xbb\xe2\x4d\xab\xa2\xf4\
\x14\x12\x52\xa4\xad\x44\xa9\x40\x62\x46\xc2\x7e\x9d\xd1\x22\x7d\
\x98\x59\x7e\xfe\x4f\xc4\x57\xe8\xaf\x3d\x98\x59\x7e\xfe\x4f\xc4\
\x57\xe8\xa6\xb7\x27\xc7\x43\x27\xc7\x55\x67\xf8\x8d\x6a\x7f\x95\
\x2f\xa9\x5f\xee\x80\x5f\xa9\x29\xfe\xa3\xd9\xe5\x0f\x24\x0b\x8c\
\x5b\xa3\x05\xe8\x0e\x87\x9a\x0a\x29\x2a\x00\x8e\x23\xc1\xc6\xba\
\xa9\x2d\xa0\x3d\xc5\x7b\xf7\x4a\xfd\x42\x95\x35\x76\x59\x55\x6b\
\xae\xa0\x93\x53\x30\x00\xa5\xa4\x12\xd9\x62\x1f\x08\x56\xa8\x96\
\x25\x4e\x52\x06\x40\x91\x02\x8a\x65\x6a\x6b\x54\x39\x0e\x47\x93\
\x31\x28\x79\xb3\x85\xa7\x75\x47\x07\xd0\x2b\x0d\x4d\x79\xed\x35\
\xb1\x6b\x6c\x8e\xc9\x77\xb8\x64\x79\x7e\xdb\xcc\x07\x1f\x82\x9a\
\xae\x39\xe6\x49\x20\x12\x49\xe2\x69\x4b\x4a\x74\xa5\x56\x20\x12\
\xe9\x80\x54\xc7\x0e\xee\xc0\x10\xa6\xc8\x8c\x4d\xdd\xb9\x71\x82\
\x36\x7d\x00\xaa\x75\x4c\x70\x35\x36\xe6\xf3\x87\x4f\xd9\x85\x97\
\xef\xe4\xfc\x45\x7e\x8a\xc9\xbd\x59\x67\x75\xc4\x36\xdc\xd4\xa9\
\x6b\x50\x4a\x46\xe2\xb8\x92\x70\x07\x2f\x1d\x35\x79\x3e\x3a\x52\
\x68\xbb\x39\xb8\x5c\x0c\xc7\xc6\x63\x43\x50\x29\xcf\xbe\x77\x98\
\xf8\xbc\xfc\xe4\x52\xcd\x8d\xa6\x56\xcd\xb1\x5c\x8a\x49\x72\x91\
\x8e\x65\x95\x82\x46\x67\xde\xea\xda\x58\x6b\x89\xf5\x36\x65\x2d\
\x34\xa3\x31\x4a\x38\x70\xcf\xaa\x0a\xe4\xf4\xa2\xd9\x1c\x49\x2f\
\xc6\x93\xad\xa0\xb6\xfb\x0e\xad\xa7\x50\x59\x7b\xb9\x5a\x54\x52\
\xa1\xde\x78\x08\x35\xaf\xea\xaa\xd8\xf7\xe1\xc4\x1f\x91\x7b\xe8\
\x55\x71\xde\x14\xae\xde\xde\xb8\x9f\x75\x26\x78\x7f\xf9\x0e\x57\
\x1e\xf2\xbc\x67\xe1\xaf\x46\x8b\x2a\x41\x0e\xe7\xb3\xca\x11\x0d\
\x5a\xc1\xc8\x45\x9c\xd8\x3a\x46\xec\xbf\x54\x5e\xe0\xd9\x6c\x1a\
\xba\x1c\xeb\x9c\xf7\x7a\x98\xcc\x21\x97\x41\x71\x78\x27\x19\x28\
\x00\x70\x07\x99\xa7\x42\xaa\xd7\x61\x24\x9d\xb7\x6c\xff\x00\x24\
\xfb\xb2\x9f\xe8\x5d\xab\x4a\xa1\x15\xd4\xc8\xa6\x58\x4a\x4e\x62\
\x26\x48\x98\x66\xa5\xcc\x0a\x25\xd5\xba\xba\xcb\xa1\x6c\x12\xaf\
\xda\xb6\x7b\x76\xcb\x44\x42\x80\xfc\x97\x12\xa2\x94\x6f\xac\x21\
\x3c\x12\x09\xe2\xa5\x01\xcb\xc3\x47\x54\xc8\xf4\xbb\xe1\xd1\xf3\
\x55\xe3\xee\x90\x3f\x3e\x62\xa2\x49\x40\x99\x35\x28\x3a\xc8\x1d\
\xb1\xd9\x66\xea\x49\xd9\x1d\xbf\x55\x56\xc7\xbf\x0e\x20\xfc\x8b\
\xdf\x42\x87\xd5\x55\xb1\xef\xc3\x88\x3f\x22\xf7\xd0\xaa\xd7\xde\
\x57\x8c\xfc\x34\x37\x95\xe3\x3f\x0d\x31\xfe\xa9\x91\xb4\xf6\x79\
\x40\xce\x58\xbd\x82\x2d\x5f\x41\xed\x5f\x47\x6d\x38\xdc\x46\x83\
\xbe\xb1\x7a\xed\x71\x6c\x4b\xea\x90\xb4\xf5\x5d\x66\xf6\xe6\x77\
\x92\x39\xee\x2b\x97\x8a\x96\x55\x0c\xfa\x05\x92\x64\x6d\x1f\x27\
\x3c\x6d\x9e\xa9\x15\x33\x28\x0d\x54\x94\xc8\x9c\xa9\x69\xc8\x37\
\x74\x10\x94\xb3\x31\x01\x46\x05\x42\xfe\x98\xd6\x24\xdb\xf5\xc5\
\x82\xf8\x37\x50\xd5\xce\xda\xb8\xcb\x3c\xb2\xe3\x0b\xce\x4f\x9d\
\x2f\x01\xfb\xda\x9a\x14\xc5\x74\xb1\xb7\xc9\x5e\xcc\x9a\xbb\xc0\
\x58\x69\xeb\x3d\xc9\x97\x9c\x73\xab\x4a\x88\x69\xcc\xb4\xa0\x37\
\x81\xf0\xb8\x83\xfb\xda\x19\x52\x9b\xd2\x8e\xec\x61\xa7\x46\xaa\
\x4d\x35\xab\x28\x8f\x98\xdd\xd9\xef\x60\x35\x1d\x6d\xaa\x20\xc7\
\x5e\xd7\xdd\x5b\xf8\xe2\x8e\xf4\x93\x8c\xb9\x79\x79\x0a\x71\xb2\
\x93\x6a\xb9\x85\x77\x63\x97\x60\xbf\x5a\xbd\x90\xdd\xbe\xfe\x57\
\xc8\x33\xf4\x28\xef\x49\x6a\x0b\xa2\xaf\x4e\x05\xcc\x2a\x1d\xac\
\xb9\x1e\x2c\x35\xcc\x42\x7c\x8f\x79\xe4\xa0\xa9\x6b\xc3\xd7\x8c\
\x5e\x15\x46\x77\x27\x99\xcd\x1e\xea\xbe\x63\xb0\xfe\x18\x9c\x1d\
\x1f\x75\x10\xd4\xdb\x1b\xd2\x52\xca\x82\x9d\x62\x0a\x61\x3b\xdd\
\x64\xef\x30\x4b\x59\x3e\x52\x10\x15\xe9\xa7\x2e\xa3\x4f\x43\x9d\
\x56\xfd\xd7\x4e\xea\x5b\x24\xe7\x7a\xd7\x60\x4c\x6a\x53\x6a\x29\
\x4a\x7d\xad\xf4\x63\x00\x24\x01\xc1\x6d\x2c\xf2\xf7\xd5\x24\x9f\
\x79\xb8\xcc\xb8\xf3\xeb\x0d\xb4\xda\x4a\xd6\xa3\xc9\x29\x03\x24\
\xd1\xc9\x0a\xbf\x29\x26\x28\x4b\x6a\x98\xd2\xda\x53\xa5\x10\xdc\
\xe2\x7a\x0e\x23\xb0\xc4\x1f\xdb\xee\xa4\x6e\xfd\xb4\x3d\xa4\x36\
\x87\x1b\x5b\x56\x8b\x5d\xb6\xde\xda\x81\x1e\xf6\x63\x2e\x2c\x7a\
\x16\xe2\x81\xf3\x53\x0f\xd7\xb5\xf7\x56\xfe\x38\xa5\xd3\x1a\xd2\
\xeb\x7f\x8d\xaf\x6e\xef\x48\xdc\x72\x7a\x19\x96\x13\xd4\xb6\x77\
\x3a\xcb\x8b\x64\x0e\xf7\xc0\x08\x14\x9b\xf6\x43\x75\xfb\xf9\x5f\
\x20\xcf\xd0\xa0\xb3\x14\x16\xab\xcf\x9f\x99\xdf\x17\x75\x97\x4f\
\x36\x8e\x41\x90\x12\x39\xac\x3d\xe3\x9d\xc4\x3f\xca\x78\xc1\x33\
\xaf\xa4\xb4\xb0\xc2\xd2\xb7\x4a\x70\x84\xa5\x40\x92\xa3\xc0\x63\
\xd3\x8a\xb0\xcb\x85\x81\x3a\x57\x49\x69\x1b\x1b\x78\x22\xdb\x01\
\x31\x49\x1e\x12\x86\xd0\x92\x7d\x24\x67\xd3\x50\xfb\x64\x62\xe7\
\xab\x36\xa3\xa4\xed\x2f\x4a\xeb\x98\x72\xe0\x99\x0f\xa1\x51\xda\
\xdd\x53\x4c\x02\xea\x81\xc2\x39\x1d\xc0\x3d\x35\x36\xf6\x8a\x90\
\xb1\x6d\x0a\x19\x19\x70\xfc\xc2\x81\xe9\x02\x13\xfa\x8a\xa9\x4a\
\x25\x98\x0c\xbf\x10\xdf\xe3\x0a\x5a\x4d\x52\xb3\x5d\x4d\x4e\x40\
\xc1\xd5\x9b\xe7\x80\xd4\x36\x18\x45\x50\xac\x3a\xa4\x7d\xaf\xcf\
\x43\xaa\x47\xda\xfc\xf5\xe7\x7b\xb4\xff\x00\x5a\xbf\x28\xff\x00\
\x7c\x0f\x79\x9b\x07\x5f\xda\x1c\x8d\x01\xee\x2b\xdf\xba\x57\xea\
\x14\xa9\x24\x00\x49\x38\x02\x92\xbb\x3f\x01\x36\x47\x42\x46\x00\
\x92\xbf\x50\xac\x35\xbd\xe8\xc5\x8c\x2d\xf1\x95\x87\xa4\x27\x2e\
\x91\xcd\x2d\xf2\xc7\xa7\x97\x9b\x35\xe9\x4a\x1b\x42\x45\x95\xa3\
\x92\x6a\xa6\x9e\x6a\x65\xa7\x89\xc0\x30\xe2\x78\xc2\x3c\xd9\x2b\
\xa8\xad\x54\xb4\xe6\x49\x84\x9e\xa2\xbb\x9b\xcd\xcd\xc7\x50\x4f\
\x63\xb7\x96\xd8\x1f\x8b\xe1\x57\xa4\xf1\xf3\x62\x8a\xff\x00\x40\
\xf5\x56\xa0\xcb\x60\x60\x24\x60\x79\x6b\x35\x21\x2b\x50\x2a\x48\
\xce\xea\x47\x8b\x90\xaa\x0a\xae\xa9\x15\xe2\x75\x4c\xe5\xa8\xa9\
\x6b\x49\x3c\xd1\xb1\x78\x7b\xf9\x01\x80\xdc\x04\x37\xcb\x96\x64\
\x94\xa1\x20\x30\x07\x5f\x0d\xd1\xb5\x88\xee\xcb\x7d\xa8\xf1\x93\
\xbc\xfb\xca\x08\x40\xf2\x9f\x09\xf2\x0e\x67\xc8\x0d\x3b\xd6\xab\
\x73\x56\x98\x0c\xc4\x8f\xc5\x2d\xa7\x8a\x8f\x35\x2b\x99\x51\xf2\
\x93\xc6\x92\x9a\x06\xc8\x96\xdb\x72\xe8\xea\x00\x53\xa3\x72\x3e\
\x79\x84\x67\x8a\xbd\x27\xe6\x1e\x5a\x5b\xd5\xd9\xa1\x56\x1a\x6c\
\xca\x2e\x52\xb7\xbf\x35\x8e\x21\x88\x4e\xa0\xce\x59\xf3\x38\xec\
\x07\x28\x56\xb5\x2a\xcc\xf9\xb7\x06\x49\xef\xd7\xe5\x14\xf9\x79\
\x90\xc8\xbe\xde\x81\x79\xb0\x7b\x67\x33\x9a\xc7\xdf\x0e\x57\x1f\
\x64\xb1\xf7\x76\xbe\x50\x52\x9a\xef\xa9\xef\x29\xbd\xde\x02\x6e\
\x0a\x4a\x45\xca\x58\x00\x47\x67\x80\xeb\xd7\xf8\x95\xc9\xec\xa6\
\xf5\xfa\xe2\xbf\xe2\xec\x7d\x0a\xbf\x93\x79\x86\x1d\xbf\x68\x48\
\x53\x39\x85\x36\xc1\x9f\x69\x7b\x6f\xd9\xf8\x43\xad\xa8\xf6\xe5\
\x3c\x02\xc1\xfd\x45\xda\xb4\xea\xac\x7d\x87\x6a\x2b\xac\x9d\xb4\
\x68\x36\x64\x4d\x2e\xb4\xe5\xdc\x25\x49\x2c\x34\x32\x3a\xa7\x3c\
\x21\x00\xd5\x9c\x52\xe5\xaa\xfe\xd5\x2f\xb3\xc4\xc1\x3a\x4f\x70\
\xc0\xa6\x3f\xa5\xea\x92\x9e\x8f\x7a\xac\xa9\x41\x23\xac\x81\xc4\
\x9c\x7f\xc7\x31\x4f\x85\x32\xfd\x2c\x65\xbf\x07\x60\x7a\xa5\xf8\
\x6e\x75\x4f\x25\xc8\x3b\xab\xdd\x4a\xb1\x99\xac\x83\xc1\x40\x8e\
\x47\xc5\x43\xa9\xbe\x3a\x38\x8e\xf8\x91\x33\xe1\xab\x81\x8a\xd8\
\xec\x96\x3e\xee\xd7\xca\x0a\x1d\x92\xc7\xdd\xda\xf9\x41\x47\x7e\
\xca\x6f\x5f\xae\x2b\xfe\x2e\xc7\xd0\xa1\xec\xa6\xf5\xfa\xe2\xbf\
\xe2\xec\x7d\x0a\x76\xe7\x6c\x1d\x7f\x68\x05\x87\xaf\xf9\x89\x4d\
\xd0\x1d\xc4\x39\x23\x68\xfd\x5a\xd2\xbc\x1b\x66\x77\x54\x0f\x82\
\x4d\x4c\xea\x87\xdd\x06\x2e\xb3\x6e\x72\x36\x87\xdb\x09\x06\x47\
\x56\x6d\xbb\x99\x6d\x08\xc6\x44\x8c\xf7\xa9\x1e\x21\xce\xa6\x0d\
\x28\xda\x0f\xca\x94\xfb\xbb\x84\x19\xa6\xf8\x43\xd6\xb8\x14\x97\
\xda\x46\x9b\xf6\x5d\xa0\x35\x25\x8d\x28\x0b\x72\x75\xb9\xe6\x99\
\x07\xc0\xee\xe9\x28\x3e\x85\x04\x9f\x45\x2a\x28\x50\xe2\x01\x0c\
\x62\x64\xb9\x8a\x94\xb0\xb4\xe6\x0b\x8e\x88\xaa\x36\x1c\xeb\x98\
\x6d\xc3\xcd\x49\x04\xf9\xfc\x34\x7f\xa4\x3d\xdb\x73\xf2\x5d\xcf\
\xf3\x17\xe8\xfb\x68\x9a\x76\xc7\xa5\x75\xfe\xa6\xb3\x3a\xab\xd3\
\x46\x2d\xc5\xd2\x86\xd9\x6a\x3e\xe2\x5b\x70\xf5\x88\x03\x79\x59\
\xc6\xea\xd3\x8f\xfb\x15\xcb\xa4\x91\x61\xed\xcb\xbb\x8f\x5f\x37\
\xbb\x59\x72\xef\x99\x8d\xcb\xb0\x9f\xcf\x25\x73\xc6\x69\x79\x29\
\x29\x50\x07\x6c\x7a\x26\x6d\x5a\x27\xd1\x2a\x6a\x41\x65\x20\x91\
\x86\xa2\x97\x85\xd7\x44\xfb\xf7\x69\xf6\xb3\x1e\x0a\xd4\x7a\xbb\
\xd5\xb1\xe8\xa0\x67\x87\x58\xd8\x0f\x24\xfc\x54\x38\x3d\x35\x2a\
\x36\xf9\xa8\x0e\x9b\xd8\xf6\xad\x96\xd1\xf6\xe7\xa0\x98\x6d\x60\
\xe0\xef\xbe\xa0\xc8\x23\xca\x3a\xcc\xfa\x2a\x0c\x68\xdb\xed\x87\
\x4a\xea\xbd\x3d\x7d\x44\x8b\xe2\x05\xb6\x7c\x77\xd6\x54\xcc\x7d\
\xde\xac\x28\x05\x83\x85\x67\x05\x05\x43\xd3\x52\x7f\xa5\xfd\xfe\
\x03\x1a\x6b\x4e\xd8\x27\xb9\x35\x06\x7c\xf5\x4b\x3d\x88\x96\xd4\
\x4a\x18\x41\x18\x3b\xe4\x0c\x6f\x3a\x83\xfb\xda\x99\x21\x77\x69\
\xd6\x36\x78\xfd\xe1\x1e\xdb\xa2\x15\x16\xfd\x32\xc2\x4b\x2d\x9f\
\x0c\xee\x17\x3f\xe9\x68\x8a\x16\x24\x84\x69\xfd\x5c\x94\xf7\xa9\
\x81\x08\x0f\x30\x9c\xcd\x12\xd2\xbe\xca\x9b\x07\x68\x75\x6e\x1e\
\xbd\xe3\xb0\x62\x6f\x6f\x33\x1f\x38\xec\xd6\xb1\x8c\x2b\xc7\x44\
\x9b\x9a\x7f\xee\xb7\xff\x00\x91\x8b\xf4\xaa\x11\x19\x70\xf1\x30\
\xfb\x26\x70\xbf\x37\x03\xef\x6c\xfc\x08\x87\xd3\xa1\xde\x9f\xec\
\xfd\x73\x7f\xbe\x38\x90\xa6\xed\x56\xe4\x46\x46\x47\x27\x5f\x5e\
\x72\x3c\xa1\x2d\x11\xfb\xea\x93\x3b\x43\xe7\x6d\xfe\x17\xd4\x9a\
\x41\xf4\x51\xd3\xd0\xed\x7b\x32\x5d\xd2\x09\x92\xb1\x7b\x9e\xf4\
\x80\xb9\x28\x42\x57\xb8\x82\x19\x48\xee\x49\x18\xf6\xb5\x11\xfb\
\x23\x4b\xbd\xa2\x67\xfd\x1b\xba\x46\xf6\x5c\xe6\x3c\x18\x14\x3f\
\x48\xe5\xff\x00\xdb\xd3\xd3\xb4\x0f\xee\x11\x50\xda\x75\x7c\xaa\
\xdf\x52\xc6\x49\x37\x7f\x28\x63\xda\xf0\x89\xa1\x5e\x77\x7f\x89\
\x5e\x77\x7f\x89\x5e\x70\xe4\xa7\xeb\x4f\x58\x82\xbe\xd3\x71\xea\
\x85\xfe\x8f\x9a\xd5\xbb\x4d\x4c\x95\x25\x58\x69\xa7\xd6\xa3\xe3\
\x3c\x13\xc0\x79\x4f\x2a\x44\xcd\x98\xed\xc2\x5b\xd2\xa4\x9f\x6d\
\x75\x5b\xc4\x78\x00\xf0\x01\xe4\x03\x85\x66\xb9\xae\xf6\xa5\x88\
\x2d\x9c\x27\xaf\x5b\xce\xf0\xe0\xa3\xc0\x27\x1e\x60\x0f\xa4\x8f\
\x15\x72\x77\x7f\x89\x4d\xf6\xdd\x7c\xca\xba\x3a\x5a\x04\x28\x04\
\x4a\x42\x5f\x11\x8a\x8a\x46\x3c\x00\x38\x71\x30\x36\x92\x50\x97\
\x32\x64\xe2\x0b\xa8\x9d\x5a\x9e\x3d\xf0\x57\x6d\xa2\xd6\xbb\xcd\
\xc9\x98\x68\xc8\x42\x80\x53\xab\x1e\xf5\xb1\xcc\xf9\xf8\xe0\x79\
\x4d\x17\xa8\xa9\x29\x25\x45\x00\x01\xc7\x81\xa7\x4b\x49\xd8\xd3\
\x69\x80\x1d\x75\x2a\x13\x24\xa1\x0a\x7b\x78\x60\xa3\x87\x79\xe6\
\x1c\x7d\x26\xa4\xe8\x9d\x80\x2d\x4a\x82\x26\xb1\x96\x85\x25\x4a\
\x6c\x5d\x82\x99\x3d\x24\xe3\xb9\xe3\x4b\x42\xb3\xd8\x23\x9b\x81\
\x20\x81\xd9\x8c\x1e\x34\xd2\x18\x69\x0d\x32\x90\x86\xd0\x90\x94\
\xa4\x72\x00\x72\x15\x9d\x0a\x15\xe8\xa8\x4b\x8a\x81\xbc\x7b\xb9\
\x7a\xfc\xa9\x33\xf3\x87\x2b\x8e\x94\x77\x84\xe9\xae\xde\x5e\x37\
\x9e\xd4\x9b\xdd\xb2\x97\x9d\xc6\x22\x63\x3d\x7a\xf3\x8c\xaf\x3c\
\xeb\x8f\x77\x4c\xfd\xd7\x53\xfc\x84\x3f\xa7\x4f\x89\x56\x03\x08\
\x00\xa1\x89\x85\x46\xc2\x3f\xdb\x76\xcf\xff\x00\x2c\xa7\xfa\x17\
\x6a\xd2\xea\xb2\x76\x1c\x9d\x3d\xff\x00\x8c\xfa\x13\xb1\x1d\xbf\
\x99\x1d\xb6\x4f\x56\x24\x33\x18\x20\xab\xaa\x73\x99\x42\xc9\xc7\
\x9a\xac\xda\x97\x2d\x52\xf3\x53\xc3\xc4\xc1\x3a\x40\xc8\x30\x29\
\x91\xe9\x79\xfe\xef\x9a\xaf\xf6\xc8\x1f\x9f\x31\x4f\x75\x33\x1d\
\x2b\xc4\x43\xb0\x5d\x51\xdb\x35\x4a\x4c\x5e\xb2\x0e\xf9\x8a\x94\
\x29\xcf\xb3\x59\xc6\x02\xc8\x4f\x3c\x73\x3c\xa8\x75\x36\x13\xd1\
\xc4\x77\xc4\x89\x9f\x0d\x5c\x0c\x56\xe5\x0a\x38\xdd\xd3\x3f\x75\
\xd4\xff\x00\x21\x0f\xe9\xd7\x9b\xba\x67\xee\xba\x9f\xe4\x21\xfd\
\x3a\x75\xbd\xba\x01\xb4\x4a\x7e\x81\x5f\x64\x6d\x1f\xcf\x6c\xf5\
\x48\xa9\x99\x50\xff\x00\xa0\xc8\xb5\x87\xf6\x85\xda\x75\xdc\xd4\
\x73\x6d\xeb\x7b\x39\xb6\x53\x8e\x12\x31\xbb\xd5\xa8\xf9\x73\x9f\
\x25\x4c\x0a\x52\xb4\x0b\xd5\x2b\xa3\xb8\x41\x8a\x6c\x25\x0f\x5a\
\xe0\x50\xa1\x42\x87\xc4\x88\x83\xdd\x2d\xf4\xff\x00\x6a\xb6\xa1\
\x16\xea\xdb\x7b\xad\x5e\xad\x88\x52\x95\xf6\xcf\x32\xa2\x85\x7f\
\x31\x4d\x53\x47\xa4\x3d\xdb\x73\xf2\x5d\xcf\xf3\x17\xea\x5b\x74\
\xbb\xd2\x32\xaf\xba\x42\xc3\x75\xb5\xc3\x7a\x6c\xbb\x5d\xcb\xab\
\x52\x59\x41\x52\x83\x2f\x20\xa5\x47\xe3\xa5\xaa\x8c\x3a\x53\x49\
\xea\x06\xaf\x2e\x29\xcb\x1d\xc5\x09\xed\x65\xc8\x64\xb0\x79\x98\
\x4f\x00\x3e\x12\x28\x2c\xe9\x64\x4f\xc0\x6b\x11\x76\x58\x95\xf2\
\xa6\xd8\x41\x2b\x58\x0a\x4a\x54\x9c\x48\xd4\xed\xd8\xd0\x88\x2d\
\x87\x63\x96\xcf\x00\xb6\xf7\x7e\x11\x4e\x06\xd5\x35\xd1\xd7\x93\
\xb4\xb4\x82\xfa\xde\x55\xbf\x4c\xc2\x89\x20\xab\x91\x95\x82\xa7\
\xcf\x9f\x7b\x74\x7e\xf6\x93\x4d\xe9\x0d\x45\xd5\xa7\xfd\x03\x72\
\xef\x47\xea\x1e\x4a\xcb\xd8\x86\xa2\xfd\x61\xb9\x7c\x85\x46\x09\
\x58\x0c\xd9\xc3\x34\xc5\xd1\xcc\x9c\x89\xa6\x62\x5d\x2e\xd8\x8d\
\x79\xf7\x46\x56\x5f\x70\x75\x87\xee\x08\x7f\x9f\x33\x44\x0f\xb8\
\x5a\x65\xc5\xa7\x8a\x92\x93\xba\x3c\x67\xc1\xf3\xd2\xda\xcd\xa4\
\xef\xe9\xb1\x6a\xd4\xaa\xc9\x70\x4a\x97\x06\x20\x48\x2c\x1e\x24\
\x4d\x68\xfa\x85\x76\x6c\xe7\x67\x77\xab\xde\xd0\x74\xbc\x0b\x85\
\x9a\x6b\x30\xdc\xb9\xb2\xe4\x95\x3c\xc1\x09\xea\x9b\x3d\x62\xc1\
\x3e\x50\x8c\x7a\x6b\x37\x14\x58\x37\xa7\x31\xc4\x57\xd3\x49\x13\
\xe6\x15\xa4\x80\x5f\x31\x8b\x21\x3e\x51\x3d\xb6\x7d\xa7\x06\x91\
\xd0\xda\x7a\xc7\xba\x12\xbb\x7d\xbd\x86\x1c\xc7\x22\xe0\x40\xdf\
\x3e\x95\x64\xfa\x68\xb3\x68\x7c\xed\xbf\xc2\xfa\x93\x4b\x7a\x43\
\xed\x10\x84\xf6\xb4\xab\x80\xcb\x83\x3e\x5c\x0a\x8d\xa5\x72\xd4\
\xab\x0e\xa1\x08\x0e\x58\x30\x1f\xcc\x22\x86\xa1\x98\x57\x5a\x99\
\x8b\x38\x92\x49\xed\x84\x4d\x0a\xc7\xac\x47\xdb\x7c\xd4\x3a\xc4\
\x7d\xb7\xcd\x5e\x68\xe4\x35\x7f\xe5\x2b\xf2\x9f\x28\x76\xf6\xd2\
\xfe\xa1\xd7\x1b\x0f\x7a\x3d\x3e\xba\xc6\x82\x94\x02\x1b\x51\xc8\
\x4a\xc1\xdd\x24\x1e\x38\x3c\x6b\x1e\xb1\x1f\x6d\x53\x6b\x28\xaa\
\x8c\xd0\xd2\x95\xee\xa3\xe5\x3f\x42\x77\x47\x29\x53\x65\x84\x9e\
\x70\xcc\xeb\xde\x61\x43\xa4\x2d\x09\xba\x5d\x7a\xc7\xf0\x63\xc4\
\xdd\x71\x49\x3e\xf9\x79\xee\x47\x9b\x86\x7d\x02\x9c\xfa\x67\x2d\
\x17\x83\x66\xb8\x35\x2d\xb5\x15\x25\x3c\x1d\x48\xf7\xc8\x3c\xc7\
\xf5\x8f\x28\xa7\x81\xa7\x50\xfb\x48\x75\xa5\x6f\x36\xb4\x85\x24\
\xf8\xc1\xe4\x6a\xef\xd0\x25\x4b\x4d\x98\x64\x7b\x32\x85\xa4\x92\
\xa7\x04\x5e\x7c\x8e\x3b\xb0\xdc\xdb\xe1\x56\xd7\x0a\x33\xef\xde\
\x70\x46\x1b\xb7\x78\xf4\xc6\x74\x28\x50\xab\x1a\x02\xc5\x40\xde\
\x3d\xdc\xbd\x7e\x54\x99\xf9\xc3\x95\xc7\x4a\x9b\xb6\x87\xd5\x0b\
\xbd\x5e\x14\x8d\x39\x75\x5a\x55\x72\x96\x52\xa1\x1f\x81\x05\xf5\
\x90\x6b\x93\xd8\x2e\xaa\xfc\x1a\xbb\x7f\x16\xff\x00\x3a\x7b\x4c\
\xc4\x30\xe7\x0e\xb8\x00\xa4\xa9\xce\x10\xa1\xd8\x47\xfb\x6e\xd9\
\xff\x00\xe5\x94\xff\x00\x42\xed\x5a\x5d\x56\x76\xc4\x74\x7e\xa2\
\x85\xb6\x6d\x09\x22\x6d\x86\xe5\x1a\x3b\x57\x70\xa7\x1d\x71\x82\
\x12\x91\xd5\x39\xc4\x9f\x05\x59\x8d\x2e\xda\xaa\x0a\x9a\x96\x2f\
\x87\x89\x82\x74\x80\x84\x17\x81\x4c\x8f\x4b\xcf\xf7\x7c\xd5\x7f\
\xb6\x40\xfc\xf9\x8a\x7b\xa9\x99\xe9\x5b\x6f\x97\x74\xd8\x36\xa7\
\x8b\x6c\x8a\xf4\xc9\x4e\x39\x07\x71\x96\x53\xbc\xa5\x62\x6b\x24\
\xe0\x79\x81\x34\x3a\x98\xb4\xf4\x13\xb4\x77\xc4\x89\x9f\x0d\x5c\
\x0c\x56\xdd\x0a\x3f\xf6\x0b\xaa\xbf\x06\xae\xdf\xc5\xbf\xce\xbc\
\xf6\x0b\xaa\xbf\x06\xae\xdf\xc5\xbf\xce\x9d\x7d\xa2\x3e\xa1\xd7\
\x00\xee\xab\x64\x4a\x0e\x81\x5f\x64\x6d\x1f\xcf\x6c\xf5\x48\xa9\
\x99\x51\x0b\xa0\xed\x86\xeb\x64\x91\xb4\x2e\xdd\x5b\x65\xdb\xba\
\xe3\x6d\xea\xbb\x21\xbd\xcd\xfc\x09\x19\xc7\x9b\x23\xe1\xa9\x7b\
\x4a\x56\x81\x06\xa5\x44\x6e\xee\x10\x62\x98\x34\xa0\xfe\xb1\x81\
\x42\x85\x0a\x1f\x12\x21\x07\xb6\xad\x37\xec\xb3\x65\x1a\xb2\xd6\
\x94\x17\x1d\x72\xdc\xe3\xcc\xa4\x0c\x95\x3a\xd7\xb6\xa0\x7c\x64\
\x0a\xaf\x8d\x16\xdb\x0b\xbb\xa9\x68\x65\xb4\x87\x2d\x37\x23\xc1\
\x03\x91\x80\xfd\x5a\x12\x92\x14\x92\x95\x0c\x83\xc0\x83\xe1\xaa\
\xd8\x66\xc2\x74\xb6\xd1\x35\x0d\x88\x85\x04\xdb\x11\x7a\x8c\x8d\
\xef\x0a\x13\x12\x46\xe1\xf4\xa0\xa4\xfa\x68\x65\x5a\x39\xe8\x54\
\x59\x9a\x1f\x54\x79\x25\x5d\x33\xea\x2a\x1d\x44\x1f\xfe\x61\x10\
\xdc\x66\x37\x13\xed\x2d\x77\xa3\xde\x0a\xcb\xb1\x98\xfb\x83\x5f\
\x10\x56\x6d\xfd\x6d\x1f\xb1\x1e\xaa\xca\x85\x80\x22\xd9\x2a\x53\
\xe7\x06\xf6\x36\x1a\x4d\x83\x58\x04\xb4\x80\x3b\x02\x1f\x00\x91\
\xe1\x9c\xcd\x3c\x7d\x10\x34\xcb\x73\xf6\x93\x73\xbc\x16\x1b\xea\
\xac\xf6\xcd\xd4\xa8\x24\x0d\xd7\x9f\x5e\xea\x4f\xc4\x6d\xc1\xe9\
\xa6\x82\xcb\xee\x0e\xb0\xfd\xc3\x0f\xf3\xe6\x6a\x5a\xf4\x3c\xd3\
\xfd\x81\xb3\xfb\xad\xe9\xd6\xf7\x5d\xbc\x5c\xd7\xb8\xbf\xb6\x65\
\x90\x1b\x4f\xf3\xc3\xbf\x0d\x4b\xa7\x40\x54\xd4\xee\x0f\xda\x61\
\x2f\x48\xea\xcd\x35\x99\x53\x8e\x2b\x50\x4f\x5a\x50\xfd\x80\xc4\
\x88\xa4\x46\xd0\xf9\xdb\x7f\x85\xf5\x26\x96\xf4\x87\xda\x1f\x3b\
\x6f\xf0\xbe\xa4\xd0\xed\x2f\xff\x00\xc1\x54\x70\x1f\xdc\x22\x9f\
\xb3\x7f\x8b\x47\xad\x46\x11\x59\xa1\x9a\xf2\x85\x79\x75\x84\x3e\
\xc1\xfc\x6b\x42\xee\x3a\x55\x72\xa3\x82\xa9\x10\xe4\x38\x42\x47\
\xbe\x6f\x09\x2a\x1e\x7f\x08\xf3\x63\xc3\x44\x01\x5b\xc0\x14\x9c\
\x83\xc4\x1a\x71\x74\x07\xb8\xaf\x7e\xea\x5f\xa8\x52\x53\x54\x59\
\xbb\x4d\x73\x50\x69\x38\x89\x23\x2e\x33\xe2\x49\xf7\xc8\xf4\x73\
\x1e\x43\xe4\xab\x3a\xde\xb0\x84\xcb\x12\x92\xd4\x92\x9c\x44\xb4\
\x05\xf0\x60\xca\xe8\xc8\xee\x6d\x42\x00\xd1\xd5\xb5\x54\xc9\x0a\
\xd6\x4b\x78\x8f\x18\x25\xcd\x2d\xf4\x3d\xf0\x92\x6d\x72\x97\x9c\
\x27\x7a\x31\x3e\x2c\x71\x47\xf5\x8f\x4f\x8a\x91\x15\x9b\x4e\xb8\
\xc3\xcd\xba\xc2\x8a\x1d\x6c\xa5\x48\x50\xf0\x11\xca\x96\xb4\x7e\
\xd6\x5d\x89\x37\x95\x23\x2b\xc9\x0a\x1b\x52\x42\xdc\x77\x11\xbc\
\x08\x9f\x59\x4e\x2a\x93\xec\xce\xc2\xdc\x70\x87\xae\x85\x17\xd9\
\x6e\x8d\xde\x2d\xcd\x4a\x6f\x09\x51\x18\x71\x19\xef\x16\x39\x8f\
\xfb\xf0\x62\x8c\x2b\xd4\x12\x27\x4b\xa8\x94\x99\xb2\x8b\xa5\x40\
\x10\x76\x83\x94\x21\x29\x2a\x42\x8a\x55\x98\x8a\x7b\xbd\x43\x8e\
\xab\xf5\xe8\xaa\x3b\x2a\x3d\xb3\x99\xc4\xb6\x0f\xfc\x43\x95\xc5\
\xd8\x31\x7e\xf6\x63\xe4\x87\xe8\xa3\x3b\xc7\xbb\x97\xaf\xca\x93\
\x3f\x38\x72\xb8\xea\xc5\x49\x2c\x21\x71\x59\x98\x5d\x6c\x16\x2b\
\x0d\x6d\xbf\x67\xea\x69\x96\x90\x7b\x70\x9e\x29\x40\x07\xeb\x2e\
\x55\xa8\x55\x5a\xec\x23\xfd\xb7\x6c\xff\x00\xf2\xca\x7f\xa1\x76\
\xad\x2a\x96\xed\x6f\x8a\x9e\x1e\x26\x0a\x52\x7b\x86\x05\x31\xfd\
\x2f\x90\x95\xf4\x7a\xd5\x69\x5a\x42\x92\x5c\x81\x90\x46\x47\xd9\
\xcc\x53\xe1\x4c\x8f\x4b\xbf\xf7\x7c\xd5\x7f\xb6\x40\xfc\xf9\x8a\
\x1b\x4b\xfc\x44\xbe\x23\xbe\x24\xcd\xf8\x6a\xe0\x62\xb7\x3b\x06\
\x2f\xde\xcc\x7c\x90\xfd\x14\x3b\x06\x2f\xde\xcc\x7c\x90\xfd\x15\
\xbe\x85\x3c\x39\x80\x31\x2e\xfa\x03\x32\xdb\x32\x36\x90\x19\x6d\
\x0d\x82\x6d\x99\xdd\x48\x1e\x09\x35\x33\xea\x19\xf4\x0a\xfb\x23\
\x68\xfe\x7b\x67\xaa\x45\x4c\xca\x4f\xb4\x7f\x8a\x57\x47\x70\x83\
\x34\xdf\x08\x7a\xd7\x02\x85\x0a\x14\x3a\x24\xc0\xa8\x6d\xb7\x3b\
\x7c\x7b\x0e\xdc\xe6\x3c\x6c\xd0\x24\x0b\xbe\x9d\x97\x37\xaf\x71\
\x4f\x85\x29\x69\x85\x21\xa5\x27\xb9\x70\x27\x93\x69\xce\x07\x25\
\x73\xcf\x1a\x99\x35\x1e\xfa\x4f\x58\x43\x9e\xc6\xf5\x02\x46\x0c\
\x48\xf7\x78\x2e\x10\x39\x87\xad\xcf\xa9\x39\xf2\x02\xcf\xf3\xaa\
\x35\x42\x5d\x0f\xb0\x88\x62\xd1\xf9\xe2\x4d\x69\x49\x38\x2d\x2a\
\x4e\x64\x7c\xa4\x8c\xb7\x81\x10\xf1\xbb\xac\x4e\xad\x3f\xea\xed\
\x9b\xbd\x1e\xfa\x5f\xf7\xf5\x97\x6d\x62\x7e\x0e\xd9\xbe\x34\xbf\
\xef\xe8\xa9\xbf\xad\xa3\xf6\x23\xd5\x59\x50\x30\xa3\x17\xd1\x90\
\x97\xcc\xfe\x65\x79\xc2\xaa\xd7\x78\x88\xd6\x9d\xd6\x2e\xfb\x1e\
\xb4\x8e\xaa\xdf\x15\x44\x25\x72\xb0\xaf\xfc\xeb\x5c\x0e\x5e\xf4\
\xf0\xc5\x4f\xfd\x95\xe9\xf4\xe9\x7d\x9c\xe9\x9b\x52\x62\xb7\x09\
\x6c\x5b\xda\x53\xcc\x36\x54\x52\x87\x56\x37\xdc\x03\x78\x93\xdf\
\xa9\x5c\xc9\xa8\x1f\xb2\xbb\x22\x75\x35\xea\x65\x91\xc6\xcb\xad\
\x5c\x97\x6d\x61\xd4\x81\xfa\x97\x67\xb4\xa7\x0f\xa1\x09\x51\xab\
\x1f\x1c\x28\xa5\x1a\x73\x56\xef\x13\xf6\x8a\xa3\x4c\x66\x84\x2c\
\x53\xa4\x9f\x7a\xf1\x72\x4f\xc8\x80\x33\x3f\xcd\x02\x90\xfb\x44\
\x19\x16\xd1\xc4\x1c\xb8\x72\x3c\xc2\x97\x14\x88\xda\x1f\x3b\x6f\
\xf0\xbe\xa4\xd0\x5d\x2c\x51\x45\x87\x50\x46\xc1\xa9\xfe\x61\xa8\
\xc2\x55\x9c\x1e\xad\x03\xd6\x46\x10\xdb\x9f\x8e\xaf\x9a\x86\xe7\
\xe3\xab\xe6\xac\xa8\x57\x99\xb9\x4a\xf6\x27\xf2\xa7\xca\x1e\x7d\
\x9a\x77\xf5\x9f\x38\x71\x74\x07\x0b\x23\xa3\x9e\x24\xaf\x89\xf0\
\xf0\x14\x6f\x7e\xb4\x37\x7a\xb6\xbb\x19\x7c\x1c\xef\x99\x5e\x71\
\xb8\xb1\x9c\x1f\xd3\xe4\x26\x8a\x34\x07\xb8\xaf\x7e\xea\x5f\xa8\
\x52\xa6\xbd\x45\x61\xa1\x15\x16\x25\x3a\x26\xa4\x14\xaa\x5a\x41\
\x0d\x81\x04\x62\x1b\x26\x84\x3a\xa2\x51\x54\xb2\x93\x88\x27\xbe\
\x18\xf5\x34\xb6\xd4\xb4\x3b\xbe\xdb\x88\x51\x4a\xd2\x71\x94\xa8\
\x1c\x11\xca\xb2\x58\xde\x56\x52\x4a\x7b\x94\x8c\x03\x9f\x07\x3a\
\x58\x6b\xab\x2f\x52\xf2\x6e\x91\xd3\xed\x6e\x10\x89\x00\x0e\x4a\
\xe4\x95\x7a\x79\x1f\x45\x23\xfc\x3e\x81\xea\xaa\x1e\xdc\xa1\x9f\
\x62\xcd\x9d\x4c\xa0\x0a\x6f\x24\xa4\xdd\x4e\x29\x21\x6d\xab\x31\
\x91\xde\x0e\xa8\x6c\xa4\x9a\x8a\xa4\xa5\x61\xdd\x8b\xe2\x73\xc3\
\x7c\x1f\x69\x1b\xcf\x6a\x2e\x05\xa7\xd6\x4c\x59\x45\x29\x59\x51\
\xef\x15\xe0\x57\xcf\x83\xe8\xf1\x53\xa1\x4c\x89\x00\x82\x0f\x10\
\x69\xca\xd1\xb7\xa3\x72\x80\x63\x48\x5e\xf4\xa8\xa0\x24\x93\xcd\
\x68\xf0\x2b\xfa\x8f\xf9\xd3\xc6\x81\x5b\xe6\x61\x36\x64\xf2\x1f\
\x34\x60\x07\x14\xe1\xf9\x87\x4e\xe8\x17\x6b\xd1\xdd\xfd\xfa\x3a\
\x7c\x0f\x87\x54\x55\xdd\xde\xf5\x08\x5e\xef\x23\xd8\xb5\x89\x58\
\xb9\x4b\x19\x52\xa6\xe4\xfb\x7a\xf8\x9c\x48\x02\xb9\x3b\x75\x0b\
\xf0\x56\xc1\xf1\xa6\xff\x00\x89\xad\x7a\x9a\x13\xf6\xdd\x59\xa9\
\x20\xcd\x41\x6a\x54\x5b\xc4\xd6\x9e\x41\xf7\xaa\x12\x17\xfd\x44\
\x1f\x31\x14\x59\x5e\x9e\x4a\x45\xd1\x8f\x69\x8a\xed\x44\xb9\x87\
\x0f\x65\xda\x91\x98\x1b\x43\xb0\x4d\x83\xa6\xac\x51\xe5\xc3\x5c\
\x99\x2c\x38\x93\x30\xee\xb8\xdc\x37\xd6\x93\x83\x20\x82\x32\x91\
\x91\xe2\xa5\xd4\x7e\x9a\xbb\x52\x76\x3b\x4e\x16\x34\xa0\x2b\x42\
\x55\xee\x5b\xfe\x11\x9f\xbe\x29\xa9\xd9\xcf\xfe\xb7\xb5\xfe\xd3\
\x3f\xf3\x09\x34\x91\x85\xf6\x14\x6f\xda\x51\xff\x00\x48\xae\x0a\
\x91\x2a\x64\xc3\x7c\x3e\x03\x3e\x26\x3a\x09\xab\x42\x45\xd3\x12\
\x23\xea\xd1\xda\x8f\xdc\x34\xa7\xf2\x5b\xff\x00\xe2\x2b\x9a\xf7\
\xd2\x3f\x58\xed\x37\x45\xeb\x0b\x1e\xb4\xb7\xe9\xb9\x96\xc6\xad\
\x6d\x4c\x0d\x33\x0e\x43\x25\x4e\x22\x74\x50\x9c\xa8\x48\xce\x3b\
\xb2\x70\x31\xc4\x0e\x38\xc8\x2c\x3d\x1f\x69\xdf\x72\x75\xb7\xff\
\x00\x5e\x1f\xff\x00\x42\x1d\x60\xd2\xc8\x4b\x14\xa4\x02\xe3\xbe\
\x32\x27\x4c\x38\x13\x1a\x3b\x75\x0b\x8f\xfa\xab\x60\xf8\xd3\x7f\
\xc4\xd0\xed\xd4\x2f\xc1\x5b\x07\xc6\x9b\xfe\x26\x8a\x0f\x33\x42\
\xa4\xdd\x1b\xfa\xcc\x71\x73\x13\x2b\xa0\xc4\xe6\x26\x48\xda\x1f\
\x63\xda\xa0\x5a\xf7\x0d\xb7\x7b\xb1\x0b\xe7\xac\xc8\x91\xdf\x75\
\xae\x2f\x96\x38\x63\x1c\xce\x73\x53\x02\xa1\xcf\x40\xb8\x6f\x86\
\x76\x87\x38\xb6\xa1\x11\xd9\x10\x23\xa1\xdc\x70\x53\x8d\xb6\xea\
\x96\x91\xe5\x01\xd4\x67\xf6\x42\xa6\x35\x29\x5a\x0d\xca\x54\xdb\
\xbb\x84\x18\xa7\xf8\x42\x05\x0a\x14\x28\x7c\x48\x81\x49\x3d\xa6\
\x69\x87\x35\x7e\x84\xbf\x5a\x61\xb4\xdb\xb7\x07\xe0\xbe\x98\x3d\
\x62\xf7\x42\x5f\x2d\xa9\x28\x39\xf0\x71\x57\xc0\x4d\x2b\x28\x56\
\x08\x70\xd1\xd2\x5c\xc5\x4a\x58\x5a\x73\x05\xe2\x06\xa7\xa2\x9e\
\xd2\x92\x90\x3b\x12\xcf\xc0\x63\xdd\x2f\xff\x00\x15\x97\xd4\xa9\
\xb4\xaf\xbd\x2c\xff\x00\xca\x5f\xfe\x2a\x73\x4b\xb9\x43\x82\x33\
\x36\x53\x2c\x70\xc8\x0b\x58\x04\xf9\x85\x12\x4a\xd7\x56\x96\x3e\
\xb2\xa7\xa5\x1f\xfd\xb6\xf0\x3e\x15\x62\x97\xaa\xea\x6c\xba\x0f\
\xe2\x67\xa5\x07\x61\x50\x7e\xac\xe1\xe6\x5e\x95\x5b\x53\xbd\xc4\
\x83\xfd\x3f\x78\x62\x3a\x3d\xec\x37\x56\x6c\xf7\x5d\xcc\xbb\xea\
\xe8\xb6\xe4\xc2\x5d\xad\x6c\x34\x59\x95\xd7\x28\x3d\xd6\xb6\xa0\
\x71\xba\x31\xdc\x85\xf1\xf2\xf9\x6a\x4e\x52\x19\xcd\x79\x2d\xfc\
\x8b\x75\xb3\x3e\x25\x2d\x45\x5f\x30\x1f\xd7\x5c\x6f\x6a\x1d\x42\
\xf7\x15\x3b\x1e\x0a\x7f\x62\x91\xff\x00\x56\x4d\x05\xfd\xb0\xb2\
\x64\xa1\xa9\xc2\xe6\x01\xf4\xa0\xf7\xaa\xe8\x81\x15\xd2\xeb\xad\
\x39\xfe\xde\xa6\xea\x54\x40\x19\xec\xdc\x1e\x1c\x5a\x49\xeb\x5b\
\x4c\xeb\x98\x82\x6d\xd1\xfb\x23\xaa\x2b\xdf\x01\xc4\xa7\x19\x03\
\x1d\xf1\x1e\x2a\x4a\xbb\x3e\x5b\x84\x99\x57\xe7\x4e\x79\xa5\xa5\
\xa8\xfa\xb0\x2b\x89\x62\x0a\x8e\x5d\x5c\xb9\x4a\xf1\xab\x03\xd7\
\x9a\x59\xb5\x74\xc6\x96\xbe\x99\x74\xab\x91\xcc\x56\x6f\x31\x20\
\xe6\xf9\x26\xf9\xec\x8c\x53\xd9\x93\x24\xcc\x13\x02\xf1\x1f\x84\
\x9e\xf6\x8d\x8e\x59\x6e\x0c\xfd\x79\x86\x9b\xfd\x94\xc6\x47\xf6\
\xab\x49\x80\xf0\x19\x52\xe2\x0f\xf9\xd6\x4f\xf6\xa8\x07\x61\xa3\
\xeb\x70\x12\x7c\xae\x38\x4f\xaa\xb2\x13\xf7\x3e\xb5\x1a\x2b\x7f\
\xc1\xe7\xd7\x55\xc9\x9b\x64\x02\xfe\xcf\x0f\xe6\x59\xef\x4a\x60\
\xd8\x4d\x41\xf9\xbb\x07\x99\x85\x66\x93\xbc\xdb\xec\xf6\xc7\x19\
\xb8\x4c\x65\xb7\x54\xfa\x96\x12\x95\xef\xf0\xc0\x1c\xd3\x91\xe0\
\xa3\xf4\x6a\x9b\x4b\x9f\x5b\x94\x54\x3c\x61\xa5\xfe\x8a\x6f\x59\
\x91\x31\x6d\xf5\xae\xbe\x98\x91\xfe\xdb\xab\x00\xab\xcc\x31\xc6\
\xb6\xc7\xb8\xaa\x44\xc6\x59\x46\xf9\x68\x93\x95\x38\x72\xa5\x70\
\x3f\x05\x3e\xd0\xe9\x7c\xea\x59\x52\xa9\xe5\xa5\x29\x4e\x09\x48\
\x29\x2e\x46\x43\xff\x00\x61\xc3\x79\x01\xf5\x3c\x08\x9b\x66\xa2\
\x62\x94\xb2\x49\x38\x93\x8f\xda\x16\xf3\x35\x0d\x8e\x4c\x77\x63\
\x4c\x92\x92\xd3\xa8\x29\x5a\x54\xda\xc6\x41\xf4\x53\x76\xf4\x04\
\xa2\x43\x88\x89\x2e\x34\x96\x53\x80\x87\x55\x21\xb6\xca\x86\x39\
\x90\x48\xc1\xad\xec\xdd\x14\xe2\x02\x1f\x79\x71\xd7\xe0\x75\xbe\
\x23\xf7\xc9\xac\x64\x49\x9b\x1f\x1d\x79\x6d\xe6\xd5\xde\xac\xb6\
\x95\x25\x5e\x9a\x13\x6a\xe9\x14\xab\x6a\x42\x4d\x54\xb0\xa4\xa4\
\xbb\xa5\x24\x11\xa9\x8f\xef\x1d\xb1\xd8\xc4\xe4\x62\x45\x3d\x11\
\xa5\x59\xf6\x65\x89\xda\x7b\xb0\x8d\x29\xb6\x49\x59\xc3\x7d\x8a\
\xb3\xf8\xb3\x99\xfa\x54\x6b\x66\xb5\xdf\x20\x4f\x66\x5c\x38\x3d\
\x66\xe1\xc2\xc2\x64\xb4\x42\x90\x79\x8e\x0a\xff\x00\xb2\x05\x14\
\xf6\x62\x15\xf5\xd8\x71\x57\xe6\x41\x4f\xaa\xbc\xdf\x82\xbe\xfe\
\x09\x41\xf1\xb6\xef\xe9\xa0\x54\x95\x76\x55\x34\xe4\xce\x42\x19\
\x49\x20\x8e\x7a\xd2\x41\x1f\xd0\xa1\x12\xe6\x4b\x9e\xb4\x94\x93\
\x81\xdc\x0f\x88\x84\xee\xdd\xfa\x2c\xc0\xda\x95\xc5\xcd\x49\xa5\
\xa7\xb7\x60\xd5\x0e\x21\x29\x90\x5d\x6c\xae\x34\xe0\x91\x84\x97\
\x00\xee\x92\xb0\x00\x1b\xe9\xcf\x00\x01\x07\x03\x11\xd5\xde\x86\
\xfb\x56\x6d\xc5\x21\x2c\x69\xe7\x92\x0f\x05\xa2\xe8\xb0\x15\xe5\
\xc1\x6b\x35\x2d\x19\x92\xd3\x5f\x62\xcf\x9f\x13\xc8\x14\x71\xf3\
\x1a\xef\x62\xf5\x74\x68\x62\x2d\xf1\x0e\x0f\x13\xc0\x67\xf9\xc3\
\xfa\xea\xe1\xa3\xfd\x26\x25\x09\x08\x54\xa2\xdf\x85\x48\x51\xea\
\x25\x27\xb2\x16\x66\xd8\x01\x45\xc2\xba\xc1\x1e\x62\x22\xae\x8e\
\xe8\x9d\xb4\xeb\x2e\xa5\x87\x3e\x7c\x5b\x20\x8e\xcb\x52\x92\xad\
\xcb\x99\x51\xcb\x91\x5e\x69\x3c\x3a\xbf\xb6\x71\x34\x9f\x8f\xd0\
\xdf\x6b\x0d\x47\x69\xb3\x12\xc0\x4a\x1b\x4a\x7d\xd6\x57\x80\x63\
\xee\x55\x37\x19\xd5\x57\xd6\x40\xeb\xa2\x46\x96\x81\xcc\xb7\x90\
\x4f\xc0\x4f\xaa\xbb\x19\xd7\xec\x24\xe2\xe1\x02\x44\x63\xf8\xa4\
\x2c\x7c\xf8\x34\xc3\x2b\xf4\x83\x40\xa2\xf3\x56\x65\x93\xf5\xa1\
\x43\xb5\x9b\x5e\xd8\x84\xab\x12\x60\x0c\x91\x7b\x81\x07\xef\x10\
\x6f\xea\x3a\xda\xbf\xde\x76\x0f\xe5\x65\x7f\x75\x46\xb6\x7e\x89\
\x3b\x50\x85\x6f\xd4\xac\xc8\x8b\x63\x0e\x5c\x2d\x22\x2b\x1b\xb7\
\x42\x47\x59\xd9\x71\xdd\xe3\xed\x7c\x06\xeb\x4a\xf4\xe2\xa7\x34\
\x4d\x55\x68\x99\xc1\xb9\xcd\xa1\x5e\x27\x72\xdf\xfd\x58\xa3\x84\
\xa9\x2b\x48\x52\x14\x14\x93\xc8\x83\x90\x69\x96\x9e\xdf\x4d\x6a\
\x6f\x53\xcc\x4a\xc7\xe1\x20\xf7\x18\x80\xba\x11\x28\xb2\xd2\x47\
\x18\xae\xcf\xa8\xeb\x6a\xff\x00\x7a\x58\x3f\x95\x95\xfd\xd5\x1e\
\x69\x9e\x84\xba\xee\xe5\x39\xb4\xea\xbb\xb5\x9a\xc3\x6f\x0a\x1d\
\x6a\xe2\x38\xb9\x6f\x91\xf8\x89\x28\x4a\x01\xf2\x92\x71\xe2\x35\
\x3e\x28\x54\xb3\x69\xd4\x11\x98\xea\x8e\x62\x96\x50\xd5\x09\xbd\
\x05\xa0\xec\x9b\x36\xd2\xf0\xb4\xee\x94\x8b\xd8\xd6\xf8\xa0\x9c\
\xa9\x5b\xce\x3c\xe1\x39\x53\x8e\x2b\xdf\x2d\x47\x89\x3e\x81\x80\
\x00\x0a\x4a\x14\x28\x61\x25\x45\xce\x71\x24\x06\xc0\x40\xa2\xab\
\x86\xa4\xb6\x5b\x49\x4c\x99\x48\x2e\x8f\xd4\xdb\xee\xd5\x9f\x30\
\xe5\xe9\xa4\x7e\xb8\xd4\xda\x6a\xc1\x79\xb7\xdb\xb5\x96\xaf\x91\
\x6a\x76\xec\xbd\xc8\x51\x12\x02\x10\xbe\xe9\x29\xe2\xa0\x83\x81\
\x95\x27\x8a\x88\x1c\xcf\x20\x70\x93\x91\xb4\x1d\x8f\xda\x66\x48\
\x87\x71\xd5\x21\x32\x63\x4b\x72\x23\xcd\xb8\xb7\xc1\x4b\xa8\x56\
\xea\x81\xdd\x48\xe0\x0f\x0d\xee\x5e\x5a\x03\x5b\x3a\xd3\x2e\x9a\
\x41\x2d\x3b\xd6\xa3\xfd\xa9\x1d\xea\x1c\x20\xad\x3d\x11\x98\x02\
\x8a\x16\xa7\xca\xea\x73\xe9\xfb\x42\xde\x6e\xd0\x56\x72\x2d\xb0\
\xc2\x47\x81\x6f\xab\xfb\x23\xf4\xd1\x64\x89\xd7\x89\xdc\x67\x5c\
\xc4\x74\x1e\x3b\x8d\xac\x23\x87\xa3\x1f\x39\xa4\xc5\xd3\x6a\x7b\
\x2c\x89\xa5\x2f\xb7\xbd\x3e\xf4\x5b\xfb\x96\x9e\xad\xa3\x1b\xac\
\x75\x1d\x63\xee\x95\x86\x9b\xdf\x58\xc0\x0a\x2d\xab\xba\xc1\x00\
\x24\x9f\x3f\x7e\x9f\xda\xb6\xcc\x65\x69\xdd\x33\x74\xbb\x0b\x4d\
\x96\x45\xf8\x96\x9a\x8e\xeb\x3d\x68\x44\x84\x29\x08\x75\xb2\xe0\
\x46\x30\x95\xad\x23\x7c\xee\x82\x08\x57\x2c\xe1\x4a\x6d\x85\x6b\
\xd7\xa8\xf2\xda\xf7\x1b\x12\xe9\x4f\x4d\xd2\x97\xe9\x30\x54\x4b\
\x54\x94\xbc\xaa\x53\x9b\x62\x1c\xbb\x3e\x45\xc8\xc3\x1c\xb2\x8d\
\xdd\x8f\x6d\x8f\x92\xec\xa6\x5c\x59\xe7\xbf\x25\x28\xf5\x64\xd7\
\xa8\x99\x15\x1f\x63\xc9\xb6\x35\xe5\x4e\x5c\x57\xc3\x4a\xab\x36\
\xb8\xd1\x37\x21\xa8\xcd\x9a\x6c\x15\x8d\x34\xa5\xa6\xee\x51\x1c\
\xa3\xb1\x4a\x37\xf7\xb3\x94\x8c\x81\xd5\xaf\x8a\x72\x3b\x93\x45\
\xfa\x73\x6e\x7b\x3b\xd5\x17\x58\xb6\xad\x3f\xa9\xe1\x48\x9f\x28\
\xe1\x86\x0a\x1c\x68\xb8\x71\xde\x8d\xf4\x81\x9f\x27\x33\x5c\xd1\
\xa1\x14\xd2\x88\xbb\x38\x0e\x09\x63\xd7\x7a\xf7\x6c\x6b\xca\xab\
\x16\x14\x7d\x8a\x88\x4e\x79\x96\xd7\x8e\x0c\x30\xc7\x84\x13\xa9\
\xc7\x24\x0c\x1b\x8b\xce\x0f\x13\x51\x9d\x23\xe6\x15\x8a\x6d\x7b\
\xfc\x52\x8b\x83\x9e\x54\xdb\x9d\x3e\xb1\x58\xd8\xba\x40\x69\xcb\
\xae\xb0\xd4\xf6\xe5\xdd\xad\x86\xcb\x6b\x83\xd9\x91\xe5\x34\x5e\
\x2e\xac\x34\x95\x99\x41\x48\x28\xe4\x8d\xcc\xe4\x73\x04\x63\x7b\
\x8e\x14\x30\xf6\xdd\xa0\x6e\x02\xca\x61\x6a\x48\xcf\x0b\xdc\xc5\
\xc2\xb7\xee\xb6\xe6\x5d\x7d\x2a\x42\x4b\x7d\xef\x72\x72\xeb\x7d\
\xf6\x33\xbc\x08\xe1\x5b\xab\x41\xac\xc9\xc5\xe6\xcc\x2a\x3c\x4f\
\x89\x31\xb2\xa7\xda\x32\x8b\x09\x44\x7f\x4e\xe7\xd9\xb0\x13\xd0\
\x76\x41\x2a\x6c\xee\x1e\x51\x6e\xa7\xfe\x41\x43\xd7\x59\x8b\x0b\
\xe7\x94\x0b\xa9\xfe\x01\x09\xf5\x9a\x75\xa8\xb6\xe9\x7e\xb7\xd9\
\x96\xca\x2e\x4f\x96\x56\xf0\x51\x6c\x06\xd4\xbc\x84\xe3\x3d\xe8\
\x38\xef\x87\xc3\x5b\xaf\x41\xec\x2a\x69\x66\x64\xe5\x29\x29\x19\
\x92\xa0\x07\x59\x11\x04\x5a\xb5\x6b\x37\x52\x01\x3c\x21\xbe\x1a\
\x76\x51\xe5\x6c\xb9\x9f\x3f\x54\x3f\xb5\x5b\x99\xd3\xd3\x1a\x5e\
\xf8\xb3\x4d\x70\x8e\x41\xc7\x19\xc0\xf4\x6f\xd2\xb9\xcd\x6b\x62\
\x69\x90\xf3\x93\xc0\x41\x0a\x27\xda\x96\x4a\x42\x79\x95\x0c\x65\
\x3c\xfc\x38\xcd\x6a\xf6\x7b\xa7\xb2\x00\xb8\x64\x94\x6f\x8c\x30\
\xe1\xca\x7e\xdb\xbd\xe5\xe5\xf2\xd7\x24\xe8\xd6\x8c\x4a\x50\x22\
\x70\x7c\xf1\x5a\x36\x38\x39\x6c\xc7\xb6\x32\x6b\xab\xd4\x3d\xde\
\xc3\xe7\x09\x87\x74\xf5\xca\x42\xca\xde\xb5\xdc\x16\xaf\x06\x64\
\xb0\x31\xe6\x1b\xdc\x2b\xd6\x34\xf5\xc2\x3b\xc9\x75\xbb\x44\xcd\
\xe4\xe7\x19\x92\xc1\x1c\xb1\xf6\xd4\xa8\x67\x5d\xe9\xf9\x0a\x4a\
\x59\xb8\xa5\x45\x41\x24\x1e\xa9\x78\xc2\xbb\xd5\x67\x77\x01\x27\
\x8f\x1e\x5c\x0f\x8a\xb7\xfb\x2f\xb3\x75\x52\x1c\x13\x41\x4b\x0b\
\x4a\x17\xed\x6b\xc9\x51\xde\xc0\x48\xc7\x75\x9d\xd5\x72\xcf\x22\
\x6b\xb0\xd1\xcd\x1e\xbe\x66\xfb\x61\x78\x17\x7b\xc8\x77\x18\xb9\
\x2d\xb0\x3f\x0c\x63\x5e\x5b\x5a\xd7\x6e\xe1\xc0\xf0\x84\x5f\xb1\
\x89\xdf\xad\x13\xbf\x8c\xb1\xf4\xab\x6b\x16\x3b\x94\x60\xa4\xa2\
\xd3\x39\x4d\xab\xbe\x6d\x4f\x30\xa4\x9f\x46\xf5\x2e\x2d\xb7\xfb\
\x75\xd9\x32\x15\x02\x48\x58\x8f\x8e\xb7\x79\x0a\x6f\x73\x39\xe2\
\x77\x80\xe1\xc0\xf1\xf2\x51\x7f\xb3\xab\x06\x71\xd9\xc7\x27\x90\
\xea\x1c\xca\xbc\xdd\xcf\x1f\x45\x65\x3a\x33\xa3\xd2\x02\x66\x89\
\xa1\x2e\xec\x6f\x20\x38\x19\xb1\x6c\x40\xd7\xdb\x1f\x72\xea\xd5\
\xba\x6e\xbf\x41\xe8\xd7\x09\x05\x69\xd9\x79\x27\xb5\x17\x14\x03\
\xe0\x4b\x8c\x90\x3f\x9d\x5a\xcd\x82\x48\xe7\x6c\xba\x8f\x32\x1b\
\x3f\xda\xa5\xc5\xaf\x58\xd9\x2f\x53\x84\x2b\x64\xd1\x22\x49\x6c\
\xb9\xba\x1a\x58\x1b\xa1\x45\x24\xe4\x8c\x73\x04\x63\xc8\x68\xf7\
\x23\xc7\x5b\xcb\xd0\xab\x0a\xa0\x5f\x96\x4a\x86\xe2\x96\xec\x4c\
\x60\xda\x95\x68\x2c\xae\xd0\x7c\xe1\xa7\x36\x47\x53\xdf\x41\xbb\
\x27\xfe\x54\x2b\xd4\x6b\x5a\xad\x2a\x1d\xf4\x7b\xaa\x7c\xf6\xe5\
\x9f\x50\xa3\x0b\xff\x00\x48\x4d\x9a\x69\x7b\xdd\xce\xcb\x7f\xd5\
\xb0\xe0\xdd\x2d\x78\xec\xc8\xeb\x6d\xd2\x5a\xc8\x41\xe6\x13\x83\
\xf5\xc4\x72\x27\x9f\x90\xe3\x81\x5d\x27\xf6\x48\x92\xa0\xad\x6f\
\x6f\x05\x31\x93\x24\xfb\x5b\xbf\x5b\x50\x49\x07\xbc\xe7\x85\x27\
\x87\x3e\x3c\xab\xa2\xbf\x47\x56\x62\xc7\x35\x2b\xf5\xc0\x08\xd4\
\x5b\x53\xc6\xb1\x1a\x7b\x09\x2d\x12\x77\xe6\x32\x7c\x6a\x80\xea\
\x7d\x42\xb6\x09\x9d\x48\xc2\xae\xc9\xc7\xda\xbe\xca\xff\x00\xb4\
\x2b\x74\xfe\x93\x1b\x29\xb6\x40\xb6\xce\x9d\xac\xa1\x35\x16\xe7\
\x19\x72\xa1\xb9\xd4\xbc\x7a\xd6\x90\xe2\xda\x52\x80\x08\xc8\xc2\
\xdb\x5a\x70\x78\xe5\x26\x94\x11\x76\xc1\xa2\x26\xeb\xa5\x68\x78\
\xba\x82\x33\xba\xa4\x64\x76\xbc\x21\x7b\xc7\x0d\x07\x4e\x15\xbb\
\xba\x7d\xac\x85\x73\xf1\xf8\x8d\x72\x4f\xe8\xfe\x9a\x46\x32\x54\
\xa4\xfe\x6f\x05\x08\xdb\xf5\xc2\xd5\xef\x00\x7a\xbc\xa1\x2f\xd9\
\x30\x1e\xc8\x79\xfb\x5b\x9e\x54\x3a\x5a\x3f\xa2\xb7\xc6\x69\xa6\
\x09\x5d\xae\xe6\x62\xa8\xf8\x1b\x90\x08\x3f\x01\x19\xac\xaf\x7d\
\x22\x76\x4f\x64\xbe\xcc\xb1\xdf\xf5\x75\xb2\x25\xce\x14\x83\x1a\
\x4b\x2f\xb6\xe0\x0d\xba\x39\xa4\xab\x77\x77\x87\x84\xe7\x03\x8f\
\x8a\xb8\xef\x1b\x74\xd8\xc5\xae\xe3\x72\xb7\xde\x75\x05\x91\xb9\
\x96\xe5\xee\x4a\x6d\x71\x14\xbd\xc2\x48\x1c\x08\x41\x0a\xe2\xa1\
\xc8\x9e\x75\xa7\xec\x02\x9e\xfa\x66\x73\xb5\x1b\x84\x1f\xcc\x14\
\x15\xdb\x19\x16\xc6\x0c\x46\x1c\x7c\x19\xa1\x42\xce\xa6\xbc\xdb\
\x91\xbf\x21\x71\xae\x0c\x02\x32\x4f\x72\xaf\x84\x7e\x83\x47\x10\
\x75\xdd\xbd\xfc\x26\x6a\x1d\x84\xbf\x09\x50\xdf\x47\xc2\x3f\xac\
\x0a\x6b\xb5\xee\xd7\xb6\x63\xa5\x23\x69\x17\x98\x5d\x82\x41\xd4\
\xce\x47\x79\x95\x3d\x27\xb0\xc3\x36\xf7\x32\x4c\xc5\x61\x05\x41\
\x1d\xce\xea\x41\x03\x79\x47\x19\x01\x2a\x29\x38\xb9\xeb\x8d\x91\
\xdb\xf5\x1d\xc3\x4e\xcd\xbf\xc6\x8b\x7a\xb7\xc3\x5c\xe9\x31\x93\
\x21\xfc\xa1\x84\xb1\xd9\x0a\x58\x23\x29\x56\x19\x3b\xf8\x49\x27\
\x77\x27\x1c\x0d\x10\x93\x62\xe9\x35\x11\x06\x9e\xa4\x2d\x3b\x26\
\x05\x1f\xf5\x7b\xdd\xa6\x39\x2a\xaa\x86\x68\x37\xe5\xb1\xda\x96\
\x1d\x99\x43\xb9\x1a\x53\x13\x1b\x0e\x44\x79\xb7\xdb\x3e\xf9\xb5\
\x05\x0f\x9a\xb7\x53\x11\x2b\x69\xbb\x23\xb3\x59\xac\x97\xff\x00\
\x67\xaa\xb6\xc0\xbe\x97\x13\x6d\x92\x87\x57\x97\x83\x6e\x16\xd6\
\x77\x4a\x0a\x82\x42\xc1\x49\x52\x80\x4e\x7c\x34\xeb\x68\x6d\x45\
\x6d\xd5\x9a\x62\x15\xeb\x4f\x5e\x7b\x7f\x6b\x98\x14\xa8\xd3\xba\
\xbd\xce\xb1\x29\x51\x49\xe1\xba\x9e\x4a\x49\x1c\x87\x2a\x6c\xa6\
\x15\xe1\x3f\xf5\x72\xc2\x4e\xd4\x92\x43\xf4\xa5\x24\x70\xc7\x8c\
\x0e\x5f\xb1\x7f\xdd\xa8\x9e\x23\x1e\xc2\x62\x3e\x74\xb0\xb5\x35\
\xaa\x35\x5e\xcf\x34\xf3\x01\x6d\xdc\x27\x09\xed\xb2\xe8\x67\x78\
\x29\x4a\x4b\x61\xb6\xd4\xaf\x02\x54\xe6\xe8\x27\xde\x82\x55\xe0\
\xe3\x1f\x53\x71\x44\xad\x01\x69\x91\x2d\x0b\x45\xe6\x4e\xb7\x90\
\xeb\xb2\xc4\x10\xb5\xb6\x96\xe3\x45\xdf\x0a\x4e\x06\xf1\x0b\x73\
\x7b\xab\x3c\x14\x42\xb3\x56\x4d\x8a\xf3\x74\x0e\x40\x73\xcd\x61\
\x74\xd7\xd4\x54\xf9\xfa\xf5\xc6\x1a\x28\xb4\x85\x54\x74\xf2\xe4\
\x19\x57\x82\x32\xc7\x69\x51\x3a\x8e\x6e\x1c\x62\x39\xa3\x6c\x57\
\x2d\x96\xea\xd4\xdb\x35\xdf\x49\x36\x95\xbb\x70\xd4\x9a\xc2\x1f\
\x59\x31\xfb\x72\x9b\x68\xc7\x42\x97\x82\x42\x3b\xa4\x12\xe2\x81\
\xea\xd3\xde\xa5\x4b\x00\xd7\x35\xb2\x5b\x7a\xdf\x4e\xe8\xed\x0e\
\x5b\x7d\x8b\x8c\x5b\xbd\xc5\xa8\xaf\x88\x67\x71\xc4\x4a\x42\x54\
\xd2\x54\xa3\x83\xc5\xf1\x85\x7d\xaa\x70\xaf\x06\x2a\xc8\xf0\x28\
\x60\x56\x9c\x93\x6a\xbf\xe1\xdf\x6c\x4b\xfd\xa9\x20\x92\x99\x2c\
\x5e\xf0\x37\xb2\x55\xd2\x9b\xde\xee\xc3\x96\x58\x44\x5e\xe8\xb5\
\x72\x8e\x9d\x99\x6d\x06\xf1\x7f\x8d\xd9\x2a\x45\xc9\xf5\x5c\x52\
\x63\x02\xeb\xa8\x6e\x23\x65\x4d\xa9\x38\x1b\xc7\x8a\xc6\xe9\xf0\
\xa9\x5e\x33\x51\xc3\x66\x93\x55\x06\xfb\xa1\xe5\x2e\x24\xab\xd0\
\xb3\xdc\x15\x3e\x44\x06\x60\x90\xa6\xda\x6d\x28\x59\x74\x3c\x9c\
\x17\x08\x08\x2b\x09\x51\x09\x49\x6c\x0e\x4b\x35\x66\x00\x01\x9c\
\x70\xcd\x00\x00\xe5\x5b\x9a\x77\x09\x17\xb2\xed\xc5\xe2\x24\x9d\
\x20\x12\x66\x54\x2c\x49\xf8\xba\x9f\xdd\xe6\xa9\x2c\x30\x7c\x94\
\x72\x63\xa9\xd9\xde\xb9\x74\x96\xa3\x6f\x4e\xea\x48\xf7\xeb\xe4\
\x64\xc9\x85\xaa\x2c\xf7\x6e\xce\x66\x2c\x15\xb8\x50\x97\xd6\xfa\
\x70\x12\xae\xe4\xf7\x6d\x24\x77\x38\x01\x07\x8f\x87\x26\xbb\x1f\
\xb4\x39\x6d\xda\x56\xcb\x13\x20\xae\x4d\xae\xee\xe8\xb8\x47\xec\
\x86\x00\xcb\xed\x34\xeb\x4e\xe3\x39\xe2\x87\x1a\x18\x20\xf1\x1d\
\x5a\x88\xce\x2a\xc1\x70\x28\x6e\x8e\x1c\x39\x72\xad\x45\x23\x37\
\x3b\x2f\xb6\xfd\xd1\xde\x6e\x93\x19\x89\x98\x91\x25\xaf\x82\x93\
\xce\xd5\xce\x6f\x97\x34\xde\x00\x6e\x4b\x6b\x70\x92\xbe\xda\x75\
\x44\xab\x83\xee\xd9\xae\x71\xd8\x88\xb4\x24\x34\x85\xa9\x49\x28\
\x38\xc1\xe4\x93\x9e\x3c\x73\xe8\xa2\x1d\xa5\xc8\x6a\x14\x7b\x42\
\x6e\x4e\xb4\xb9\x42\x34\x8c\xba\xb5\xa5\xa0\xe6\x12\x80\xa0\x09\
\x3c\x32\x70\x71\xe4\xf2\x53\x99\x58\xad\xb4\x39\x8d\xf4\x85\x63\
\xc6\x33\x50\x6b\xec\x94\x56\x53\x4e\x92\x95\x94\x99\x8c\xe4\x95\
\x28\x06\x2f\x82\x4a\x99\x3f\xd2\xdd\x90\xad\x2a\xa0\xcb\x5a\x54\
\x40\x37\x77\x01\xd6\x5b\x1e\x97\x86\x4a\xf9\x6a\x6b\x4e\xc4\x88\
\xed\xc9\xe8\xc5\xc9\x71\x9d\xea\x82\x54\x50\x90\xca\x42\x48\x46\
\x55\x82\x54\x4a\x89\xc0\x1c\x39\x63\xc7\xc2\xc2\xe2\xc8\xb6\xbc\
\xf4\x72\xc9\x53\x29\x65\x0e\x3c\x85\x85\x06\x50\xb4\x3a\x37\x54\
\x73\x94\x82\xa0\x9e\x07\x1c\x71\xe2\xa7\xed\x48\x4a\xb1\xbc\x90\
\x70\x72\x32\x39\x57\x25\xce\xd5\x1e\xeb\x02\x4c\x29\x01\x48\x6a\
\x40\xc2\xcb\x67\x75\x5c\xf3\xcf\xf4\xf0\x3c\x8f\x0a\x5c\xaa\xd0\
\xf9\x33\x66\x2d\x52\x66\x5d\x49\x49\x01\x38\x9f\x94\x8c\x49\x51\
\x7c\x4b\x92\x41\x3a\x9e\x26\x4b\xb4\x54\x90\x02\x83\xe3\x9f\x4f\
\x0d\x98\x67\x0c\x9a\x8b\x68\x6a\x09\x84\xdb\x4d\x48\x95\x21\x69\
\x61\x3d\xcf\xb7\x34\x0b\x69\x0d\x23\x8f\x75\x82\x16\x06\x32\x06\
\x4e\x39\xf1\xf2\x33\x71\x9b\xb5\x09\x0d\x3a\x97\x2d\xed\xbf\xd8\
\xee\xb9\xbe\x0e\xee\x52\x95\x25\x2a\x3e\xf7\x81\x5a\x46\x71\x82\
\x71\xcc\xd3\xe1\x06\xde\xc5\xbe\x1c\x58\x91\xc1\x2d\x46\x6c\x36\
\xd9\x59\xde\x50\x00\x60\x71\x3e\x6a\xde\x1a\x6d\x29\x52\x52\x84\
\x84\xac\x92\xa0\x07\x03\x9e\x79\xac\xab\x44\x25\xcc\x5a\xa6\x19\
\xcc\x54\x03\xb0\xc1\xc0\x4b\x6b\xc4\x02\x09\x66\xc4\x28\xa7\x7c\
\x7c\x2d\x12\x90\x00\x4e\x03\xcc\xf9\xf6\x3c\x36\x7a\x34\x34\xed\
\x87\x54\x4b\x75\x90\x2d\xcf\x32\x46\x23\x10\x12\x00\x42\xf7\xd0\
\xd1\xe4\x12\x01\x00\x63\x20\x12\x46\x4e\x29\x25\x6b\x75\xa7\xd9\
\x98\xf3\x2d\x46\x90\xb6\xf7\x1d\x7e\x43\x0a\xeb\x3a\xa0\x16\x06\
\xfe\x47\x7b\xbd\xbc\x77\x87\x89\x24\xf2\x4d\x3f\x69\x48\x42\x42\
\x52\x00\x48\x18\x00\x0e\x02\xb5\x3f\x11\x99\x11\x9e\x8e\xe2\x3d\
\xa9\xe4\x14\x2c\x24\xee\x92\x08\xc7\x31\xc4\x70\xa9\xf5\x5a\x38\
\x2a\x64\xcb\x94\x66\x91\x75\x2b\x49\x20\x62\xab\xe0\x83\xad\x80\
\x72\xec\x42\xb2\x18\xbe\x31\xc6\x5d\x65\xc5\x15\x5d\xcc\x83\xc1\
\xbd\x6e\x86\xfb\x66\x11\x58\x71\xe9\xf3\x19\x65\x05\x2d\xb4\xdb\
\x0d\x3c\x92\x14\x01\x39\x53\x81\x24\x70\xe2\x77\x54\x71\xe3\x19\
\xe3\x49\xad\x9e\xec\xf3\x6c\x36\x0d\x55\x02\x76\xbc\xda\xbb\x1a\
\xa2\xc4\xca\x5d\x12\x6d\xc8\xb1\xb3\x1c\xbc\x4a\x08\x41\xeb\x12\
\x32\x37\x54\x42\xbc\xb8\xc7\x86\x9d\xdb\x2d\x9e\x35\x8a\xdc\xd4\
\x1b\x78\x58\x61\xb2\xa2\x37\xd4\x54\x72\x49\x27\xe7\x27\x95\x77\
\xd3\x0d\x99\x21\x74\x34\x82\x4a\x98\xa8\xb9\x56\x01\x9d\x44\xa8\
\xb3\x87\x01\xc9\x6c\x8b\x33\xc4\x49\xeb\x13\x66\x15\x0c\xb5\x74\
\x60\x22\xb5\xba\x46\xba\xa9\x3b\x6c\xda\xc0\xb6\x2a\x44\x54\xae\
\x1c\x46\x96\x94\xdb\xca\xd3\x21\x48\x4c\x3d\xf4\x95\x81\x94\x02\
\x77\x55\xbe\x9e\x27\x73\x77\x91\xcd\x10\xeb\x3d\x4b\x6e\xd4\x9a\
\xaa\xf1\x74\xd2\xf6\xf9\x1a\x5a\xda\xfe\x8c\x8c\xcf\x6b\x9b\xb3\
\x75\xa9\xdf\x4a\x1a\x0b\x8c\x92\x47\x70\x93\xdc\xe1\xf1\xdd\x61\
\x1c\xb8\xd5\xa3\xd0\xa6\x34\x57\xdc\x48\x17\x72\x0d\x9f\x0d\xdb\
\xa2\x01\xa7\x72\x71\xcf\xef\x15\x61\xac\x26\xb1\xac\xb4\x75\x92\
\x25\xa6\x3b\xd1\x1b\xd2\x1a\x0e\x2b\x2f\x87\xed\x8e\xa1\x6f\x4c\
\x76\x62\x50\xf2\x9b\x29\xe0\xa1\xbc\xe2\x0e\x57\xc0\x85\x38\x71\
\x93\x9a\x7a\xb6\x21\xaf\x20\x6b\x5e\x96\x4a\xd4\x2f\xdb\x25\x32\
\xf5\xf3\x4e\x06\x9b\x0e\x5b\xca\x03\x13\x91\x1e\x3f\x5c\xbc\x9e\
\xf5\x25\x2c\xb8\x90\xbe\x64\x10\x39\x1a\x9c\xb4\x2b\x55\x56\x85\
\x20\xa6\xee\xdd\x7b\x5b\x76\xd1\x19\x12\x59\x4e\xf1\x5f\x3a\xc3\
\x47\xab\x6b\xdd\x27\xf6\x85\xa5\x34\xed\xc0\x69\xa6\xee\x89\xea\
\x5c\x7d\xfb\x2f\x5e\x87\x17\x1d\xb8\xe5\xdc\x71\x4e\xe1\x52\xd2\
\x54\x1c\x04\x15\x63\x74\xf0\x5f\x16\xf7\x6a\x30\xa3\x5a\x35\x96\
\xd3\x2c\xba\x6d\xe9\xd1\x20\x5b\xa3\xc1\xb6\x34\x87\x2d\x5d\x62\
\xa6\x2a\x38\x8c\xd2\x94\x5c\x03\xda\xbd\xb1\x0a\x77\x7d\x3c\x57\
\x8d\xd3\xc1\x55\x69\x14\x2b\x28\xb4\x14\x82\x30\xc0\x00\x1b\x83\
\x63\x96\xee\x8d\x51\x85\x53\x82\x0e\x3e\xbd\x18\xac\x8d\x78\x84\
\xda\x6e\x93\x2e\x37\x6b\x2c\xd9\x16\xed\x5f\xb3\xcb\x64\x6d\x2a\
\x53\x04\xba\x1b\x7c\x33\x09\x21\x09\x00\x1d\xc5\xa0\xb1\x23\x29\
\x4f\x74\x3a\xd1\x81\x85\xe6\xb7\x6a\xfd\x3b\x72\x87\x74\x6d\xb6\
\x59\x9b\x13\x54\xe8\x3d\x0d\x65\x91\x74\x68\xc1\x05\x0a\x08\x4e\
\xeb\xf9\x57\x10\xb2\xd3\x12\xa3\xa4\xe4\x1d\xe4\xb6\xe2\x79\x24\
\x66\xcc\x68\x56\x45\xa0\x40\x02\xee\x5f\x6f\x0c\xe3\x3e\xc0\x63\
\x8e\x71\x5a\x32\xdc\x6b\x46\x2f\x66\x7a\xb2\xf5\x65\x44\xeb\x04\
\x8d\x9b\xa6\x25\xb5\x6f\xda\xfb\x2e\x22\x6e\x3d\x5c\x8c\x25\xd6\
\xf1\x85\x7b\x6b\x9b\xea\x07\x89\xeb\x77\xb8\xe0\xd4\xdb\xe8\xdd\
\x6c\xb8\xda\x36\x21\xa4\x22\xdf\x6d\x2d\x58\xa6\x88\xab\x71\x50\
\x1a\x69\x4d\x86\x50\xb7\x96\xb4\x02\x95\x29\x4a\x4a\xb7\x14\x92\
\xa0\x4e\x72\x4e\x71\xca\x9d\x3a\x15\x1a\x75\x4f\xb6\x48\x49\x0d\
\xe8\xf9\xc7\x44\x4b\xba\x49\x78\xff\xd9\
\x00\x00\x02\xf0\
\x89\
\x50\x4e\x47\x0d\x0a\x1a\x0a\x00\x00\x00\x0d\x49\x48\x44\x52\x00\
\x00\x00\x20\x00\x00\x00\x20\x08\x06\x00\x00\x00\x73\x7a\x7a\xf4\
\x00\x00\x00\x09\x70\x48\x59\x73\x00\x00\x0e\xc3\x00\x00\x0e\xc3\
\x01\xc7\x6f\xa8\x64\x00\x00\x00\x19\x74\x45\x58\x74\x53\x6f\x66\
\x74\x77\x61\x72\x65\x00\x77\x77\x77\x2e\x69\x6e\x6b\x73\x63\x61\
\x70\x65\x2e\x6f\x72\x67\x9b\xee\x3c\x1a\x00\x00\x02\x7d\x49\x44\
\x41\x54\x58\x85\xed\x97\x3d\x68\x54\x41\x14\x85\xbf\x3b\x23\x06\
\x24\x21\x82\x18\x30\x58\x05\x93\x48\x0a\x61\x0b\xb5\x11\x21\xcd\
\x96\x76\x0a\x82\x76\xd1\x22\x10\x7f\x0a\x41\x42\xde\x73\xdc\xb7\
\xb5\x08\xa2\x4d\xec\x14\x05\xad\xb4\x4c\x13\x90\x54\x82\x6e\x27\
\x44\x43\x40\x41\xc1\x18\x41\x31\xf8\x07\x6f\xae\xc5\xfe\xb0\x09\
\x3b\xb3\x69\x76\xd7\x22\xb7\x78\x4c\x71\xee\x39\x07\xe6\x9c\x5d\
\x06\x7a\x3c\x52\x3f\x38\xe7\xc6\x54\xf5\xaa\xf7\xfe\x50\x27\x05\
\x8d\x31\x2b\x79\x9e\xdf\x2a\x97\xcb\xef\x1a\x06\xe6\xe6\xe6\x46\
\x8d\x31\xaf\x81\xfe\x4e\x8a\x37\xcd\x86\x31\xa6\xe0\x9c\x5b\x31\
\x00\xd6\xda\x4b\x5d\x14\x07\xe8\x57\xd5\xcb\x00\x06\xc0\x7b\x3f\
\xd6\x45\x71\x00\x54\x75\xb4\x61\x40\x44\x24\x0e\xef\xc8\x98\xc6\
\xa7\x97\xd3\x73\x03\xbb\x9a\xce\x6f\x00\x17\x02\x8a\x48\x51\x55\
\xa7\x54\xf5\x82\x88\x7c\x6f\x85\x51\xd5\x41\x11\x99\x17\x91\xfb\
\xaa\xba\x10\xd1\x6d\xe8\x34\x0c\xa8\xea\x5a\x96\x65\x4f\x43\x1b\
\x49\x92\xec\x17\x11\xac\xb5\xcf\x9d\x73\x6b\x2d\x59\x9d\x1b\xf2\
\xde\xcf\x7b\xef\x2b\x6d\xb8\xa6\xeb\xb1\xeb\xf9\x15\xf4\xdc\x80\
\x00\xa4\x69\xba\x00\x8c\x03\x8f\x43\x40\x55\x2d\x88\x48\x11\xb8\
\x03\xfc\x0c\xc0\xf6\x00\x33\xaa\xba\x20\x22\x95\x88\xee\x59\x60\
\xb9\x54\x2a\x15\x9b\x43\x38\x0c\x5c\x0c\x3a\x15\xe9\xab\x1d\xcf\
\x03\x1a\x82\xd5\xb0\x27\x80\xa3\x11\x03\x03\xc0\x32\x6c\x0e\xe1\
\x52\x96\x65\x93\xa1\x8d\x5a\x70\xee\x1a\x63\xc6\xdb\x84\xf0\xb3\
\xaa\x5e\xcb\xb2\xec\x5e\x84\x6b\x71\x27\x84\xff\x8d\x81\xe6\x16\
\x4c\x02\x3f\x22\xd8\x3e\xaa\x29\xff\x46\x3c\x84\x7b\xa9\xb6\xe4\
\x4f\x84\x6b\x00\x58\xdc\xda\x82\x4f\x6c\xaf\x86\x0f\x68\x5f\xc3\
\xa5\x6d\xd4\x10\xd8\xdc\x82\xd5\x2c\xcb\xae\x87\x36\x92\x24\x99\
\x06\x8a\xc6\x98\x72\x9b\x16\xcc\x00\xcf\x4a\xa5\x52\xac\x05\xc7\
\x77\x5a\x50\x9f\xc6\x15\x88\xc8\x50\x9a\xa6\xa7\x43\x40\x11\x29\
\xa8\x2a\x79\x9e\x9f\x4a\xd3\xb4\xe5\xdf\x71\x9e\xe7\x83\x22\x82\
\x31\xa6\x10\xe3\x02\x86\x80\x8f\x9b\x0c\x00\x13\xc0\x93\xd0\x86\
\xaa\xd6\x8d\xcc\x47\x4c\xd6\xb1\x53\xc0\x54\xc4\x00\xad\x0c\xbc\
\x32\xc6\x9c\x09\xa1\xf3\x3c\x3f\x27\x22\x37\x55\xf5\x98\xb5\xf6\
\x6b\x00\xb3\x4f\x44\x5e\xaa\xea\x0d\x6b\xed\xc3\x10\x97\xf7\xfe\
\x51\xfd\xdc\x6c\xe0\xb7\x73\x6e\x35\xb4\x94\x24\xc9\x3a\x80\xb5\
\xf6\x7d\xa4\x05\x1b\xde\x7b\x80\xf5\x36\x5c\xbf\xb6\xb6\xc0\xd3\
\xc5\x40\x8a\x88\xa9\x69\x36\x44\xdf\x02\x13\xb3\xb3\xb3\x07\x3a\
\x2d\xee\x9c\x1b\x06\x8e\xd4\x34\xab\x3f\xc5\xce\xb9\x11\xef\x7d\
\xa5\xe6\xaa\xa2\xaa\x79\x0b\xd7\x07\x81\xc3\xc0\x0b\x55\xfd\xdb\
\x8a\x5c\x44\x76\x03\x27\x81\x0f\xc0\x97\x80\x87\xea\x83\xa4\xfa\
\x34\x5b\x6d\x7e\x9c\x8e\x78\xef\xaf\xa8\xea\x38\x9d\xbb\x0e\x2f\
\x22\xcb\xc6\x98\xdb\xb1\x8c\x74\x75\xfe\x01\x83\x58\x0a\xfd\x7d\
\x90\x66\xea\x00\x00\x00\x00\x49\x45\x4e\x44\xae\x42\x60\x82\
\x00\x00\x02\x21\
\x89\
\x50\x4e\x47\x0d\x0a\x1a\x0a\x00\x00\x00\x0d\x49\x48\x44\x52\x00\
\x00\x00\x18\x00\x00\x00\x18\x08\x06\x00\x00\x00\xe0\x77\x3d\xf8\
\x00\x00\x00\x09\x70\x48\x59\x73\x00\x00\x0e\xc3\x00\x00\x0e\xc3\
\x01\xc7\x6f\xa8\x64\x00\x00\x00\x19\x74\x45\x58\x74\x53\x6f\x66\
\x74\x77\x61\x72\x65\x00\x77\x77\x77\x2e\x69\x6e\x6b\x73\x63\x61\
\x70\x65\x2e\x6f\x72\x67\x9b\xee\x3c\x1a\x00\x00\x01\xae\x49\x44\
\x41\x54\x48\x89\xdd\x96\x3d\x6b\x14\x51\x14\x86\x9f\x73\xef\xcc\
\xb2\xd9\x6c\xd8\xd8\xa6\x8a\x75\x8c\x46\xb4\x55\xb6\x08\x69\x33\
\x16\xe9\x44\xf2\x13\xc4\xff\x21\x8a\x3f\x20\x28\xd8\x59\xb8\x62\
\xab\xb0\x90\x5a\x88\x92\xca\x26\xda\xa4\x0a\x98\x45\x49\xc2\xce\
\xdc\x73\x52\xe8\x2c\x77\x40\x43\x9c\xd9\xb5\xf0\xad\xee\xf0\x1c\
\xde\xcb\x79\xef\xd7\x08\x91\xd6\xfa\xd9\x62\x28\x72\xa1\x81\x7c\
\x92\xda\xde\x70\x70\x5c\x7e\x0b\xc0\x6a\x7f\x73\x1d\x95\x17\x06\
\x4b\x4d\xcc\x23\xd3\x43\x31\x1e\x7c\xda\x1d\xbc\x77\x00\xa6\xb2\
\x33\x2d\x73\x00\x83\x25\x15\x76\x00\xe4\xfa\xc6\xc6\xbc\x9e\x75\
\x7e\x4c\xcb\x3c\x96\x6b\x9f\x74\x5d\x18\xf7\x1a\x65\x7e\x91\xc2\
\xb8\x27\x6e\x56\xe6\xa5\x92\x72\x20\xc6\x3d\xbc\x55\xa3\x0a\xd2\
\x35\xe1\x75\x5d\x56\x99\xc0\x7b\x86\x7b\xc3\x37\xc7\x71\xdd\x5a\
\x3f\x5b\x2c\xb4\x3e\x03\x98\x79\x44\xb2\xd2\xdf\xea\x8a\xe6\xdf\
\x11\x06\x18\x79\x95\x92\x62\x64\x75\x99\xb9\x74\x61\x12\x11\xc6\
\x47\xc1\x4e\xe3\x3a\x33\x99\x03\xb2\xda\x2c\xee\x20\x71\x5c\x89\
\x8f\x38\x4c\xb2\xfc\x56\x97\x99\x4b\x17\xfe\xdd\x36\x2d\x94\x87\
\xab\x77\x37\x2b\xad\x16\xca\x5c\x13\x56\x99\x00\xe1\x86\x99\xfc\
\x6e\xb1\xea\x33\xfe\x87\x35\x98\x74\x30\x8b\xab\xa2\x72\x0e\x0c\
\x9e\xa2\x12\xe2\x3a\x13\x9c\x00\x2a\x3c\x11\x15\xfd\x5b\x06\xd1\
\x22\x8f\x7d\xb8\xfd\x79\xf8\xf6\x28\x2e\x2c\xb3\x4c\x1d\x37\xff\
\x94\xf3\x45\x0c\xc0\xf9\xd6\xc8\x00\xe6\x43\x7b\x6a\xef\x42\xf9\
\xae\xfb\xd6\xc8\x04\xe0\xda\x9d\xec\x0b\xf0\x58\x2c\x7f\x19\x17\
\xfa\x24\xed\x15\xca\x41\xe2\xb8\x1a\x8a\x7c\x74\x19\xa6\xa1\x23\
\xd2\x2a\xee\xa3\xf6\x68\x7f\x77\xb0\xfc\x33\x22\xcf\x36\x81\xe7\
\xe6\xd2\x67\xb1\x49\x79\xe5\x16\xca\x01\x2e\xe5\x32\x4c\x5c\x0e\
\xca\x57\x3c\xdb\xf0\xeb\xaf\xa2\xd4\xad\xf5\xad\xde\xf8\xec\xa4\
\xd1\xd6\x6d\xb5\x3b\xfa\xe1\xdd\xab\x49\x47\xe7\xdc\xf2\x33\xce\
\x98\x32\xb3\x68\x00\x00\x00\x00\x49\x45\x4e\x44\xae\x42\x60\x82\
\
\x00\x00\x02\x21\
\x89\
\x50\x4e\x47\x0d\x0a\x1a\x0a\x00\x00\x00\x0d\x49\x48\x44\x52\x00\
\x00\x00\x18\x00\x00\x00\x18\x08\x06\x00\x00\x00\xe0\x77\x3d\xf8\
\x00\x00\x00\x09\x70\x48\x59\x73\x00\x00\x0e\xc3\x00\x00\x0e\xc3\
\x01\xc7\x6f\xa8\x64\x00\x00\x00\x19\x74\x45\x58\x74\x53\x6f\x66\
\x74\x77\x61\x72\x65\x00\x77\x77\x77\x2e\x69\x6e\x6b\x73\x63\x61\
\x70\x65\x2e\x6f\x72\x67\x9b\xee\x3c\x1a\x00\x00\x01\xae\x49\x44\
\x41\x54\x48\x89\xdd\x96\x3d\x6b\x14\x51\x14\x86\x9f\x73\xef\xcc\
\xb2\xd9\x6c\xd8\xd8\xa6\x8a\x75\x8c\x46\xb4\x55\xb6\x08\x69\x33\
\x16\xe9\x44\xf2\x13\xc4\xff\x21\x8a\x3f\x20\x28\xd8\x59\xb8\x62\
\xab\xb0\x90\x5a\x88\x92\xca\x26\xda\xa4\x0a\x98\x45\x49\xc2\xce\
\xdc\x73\x52\xe8\x2c\x77\x40\x43\x9c\xd9\xb5\xf0\xad\xee\xf0\x1c\
\xde\xcb\x79\xef\xd7\x08\x91\xd6\xfa\xd9\x62\x28\x72\xa1\x81\x7c\
\x92\xda\xde\x70\x70\x5c\x7e\x0b\xc0\x6a\x7f\x73\x1d\x95\x17\x06\
\x4b\x4d\xcc\x23\xd3\x43\x31\x1e\x7c\xda\x1d\xbc\x77\x00\xa6\xb2\
\x33\x2d\x73\x00\x83\x25\x15\x76\x00\xe4\xfa\xc6\xc6\xbc\x9e\x75\
\x7e\x4c\xcb\x3c\x96\x6b\x9f\x74\x5d\x18\xf7\x1a\x65\x7e\x91\xc2\
\xb8\x27\x6e\x56\xe6\xa5\x92\x72\x20\xc6\x3d\xbc\x55\xa3\x0a\xd2\
\x35\xe1\x75\x5d\x56\x99\xc0\x7b\x86\x7b\xc3\x37\xc7\x71\xdd\x5a\
\x3f\x5b\x2c\xb4\x3e\x03\x98\x79\x44\xb2\xd2\xdf\xea\x8a\xe6\xdf\
\x11\x06\x18\x79\x95\x92\x62\x64\x75\x99\xb9\x74\x61\x12\x11\xc6\
\x47\xc1\x4e\xe3\x3a\x33\x99\x03\xb2\xda\x2c\xee\x20\x71\x5c\x89\
\x8f\x38\x4c\xb2\xfc\x56\x97\x99\x4b\x17\xfe\xdd\x36\x2d\x94\x87\
\xab\x77\x37\x2b\xad\x16\xca\x5c\x13\x56\x99\x00\xe1\x86\x99\xfc\
\x6e\xb1\xea\x33\xfe\x87\x35\x98\x74\x30\x8b\xab\xa2\x72\x0e\x0c\
\x9e\xa2\x12\xe2\x3a\x13\x9c\x00\x2a\x3c\x11\x15\xfd\x5b\x06\xd1\
\x22\x8f\x7d\xb8\xfd\x79\xf8\xf6\x28\x2e\x2c\xb3\x4c\x1d\x37\xff\
\x94\xf3\x45\x0c\xc0\xf9\xd6\xc8\x00\xe6\x43\x7b\x6a\xef\x42\xf9\
\xae\xfb\xd6\xc8\x04\xe0\xda\x9d\xec\x0b\xf0\x58\x2c\x7f\x19\x17\
\xfa\x24\xed\x15\xca\x41\xe2\xb8\x1a\x8a\x7c\x74\x19\xa6\xa1\x23\
\xd2\x2a\xee\xa3\xf6\x68\x7f\x77\xb0\xfc\x33\x22\xcf\x36\x81\xe7\
\xe6\xd2\x67\xb1\x49\x79\xe5\x16\xca\x01\x2e\xe5\x32\x4c\x5c\x0e\
\xca\x57\x3c\xdb\xf0\xeb\xaf\xa2\xd4\xad\xf5\xad\xde\xf8\xec\xa4\
\xd1\xd6\x6d\xb5\x3b\xfa\xe1\xdd\xab\x49\x47\xe7\xdc\xf2\x33\xce\
\x98\x32\xb3\x68\x00\x00\x00\x00\x49\x45\x4e\x44\xae\x42\x60\x82\
\
\x00\x00\x02\xd5\
\x89\
\x50\x4e\x47\x0d\x0a\x1a\x0a\x00\x00\x00\x0d\x49\x48\x44\x52\x00\
\x00\x00\x18\x00\x00\x00\x18\x08\x06\x00\x00\x00\xe0\x77\x3d\xf8\
\x00\x00\x00\x09\x70\x48\x59\x73\x00\x00\x0e\xc3\x00\x00\x0e\xc3\
\x01\xc7\x6f\xa8\x64\x00\x00\x00\x19\x74\x45\x58\x74\x53\x6f\x66\
\x74\x77\x61\x72\x65\x00\x77\x77\x77\x2e\x69\x6e\x6b\x73\x63\x61\
\x70\x65\x2e\x6f\x72\x67\x9b\xee\x3c\x1a\x00\x00\x02\x62\x49\x44\
\x41\x54\x48\x89\xad\x95\xc1\x4b\x93\x71\x18\xc7\x3f\xcf\xa6\x9b\
\xa6\x05\x8a\x39\x23\x02\x03\x25\xd6\x5c\x50\x5d\xba\xb8\x89\x90\
\xd0\x41\x9a\xd8\xea\x52\x61\x04\x81\xd8\x3d\xa8\xcc\xea\x52\xd0\
\xb1\x40\x8a\xfe\x80\x60\x41\x73\x62\x78\x11\xd9\xf0\x50\x87\x15\
\xcd\x4d\x3d\x24\x9d\x82\xd2\x0a\x29\x8c\xdc\xdc\xfb\x74\xc8\x95\
\xbe\x7b\xa7\x5b\xdb\xf7\xf2\xf2\xfb\x7e\x9f\xdf\xf7\xfb\xfc\x7e\
\xcf\xcb\xfb\x0a\x40\x30\x18\xb4\xcf\x2f\xa5\xef\xa1\x72\x09\x68\
\xa2\x78\xac\x0b\xc4\xb3\x18\x83\x73\xb1\xc8\x5b\xab\x02\x01\xf0\
\xf8\xfa\x86\x04\x7d\xb4\x89\xfe\x88\xea\xfc\x4e\xee\x2a\x38\x05\
\x4e\x00\x9f\xf4\x6b\x75\x5b\x2a\x15\x4a\x9b\x6b\xaa\x36\x4a\x4f\
\x9a\xb6\xee\x43\x98\xa4\xda\xb8\x91\x9c\x8a\x7c\xde\x2e\xc4\xe3\
\x0b\x3c\x14\xb8\x4a\xc3\xba\x1b\x78\x67\xd6\x6d\x1b\xc7\xa8\xb5\
\xe0\x2f\x93\xb1\x2d\x76\xf8\x02\xb7\x5b\xbb\x06\x6a\x0a\x05\x08\
\x7c\x01\xb0\xd9\xd9\x65\xa5\xdb\xb6\xeb\x0e\xa8\x03\x46\xea\x8d\
\x95\x84\xd7\x1f\x38\xb5\x43\xad\x25\x76\x0a\xc8\xa1\x5d\x95\x89\
\x0e\x5f\xe0\xac\x59\x10\x11\xad\x44\x00\x80\x80\x0c\xe5\xb1\x59\
\x9d\x10\x91\xe7\xe2\x5c\x4d\x1c\xed\x0c\xee\x2d\x27\x00\xd0\x46\
\x33\x33\x3b\x13\x8e\xcf\x46\x5f\x04\xf5\x57\xad\x3f\x23\x99\x25\
\x6f\x67\x60\xb8\x8c\x80\xc2\x30\x32\x8e\x57\xa0\x0b\x2a\xdc\xf5\
\xfa\xfb\x6e\xe5\xf8\xaa\x52\x8d\xdc\xbe\xfe\x76\x3b\xc6\x63\x44\
\xf7\x6c\x55\x32\xa0\xe2\x00\x50\xd5\x3b\x1d\xfe\xc0\x72\x32\x1a\
\x1e\x2d\x39\x40\x8c\xf5\x46\xb1\xc9\x21\xd5\xbc\x57\xdb\xdc\xf0\
\x01\x33\x51\x14\xe6\x66\xc6\x5e\x03\xfb\xcd\x7c\x6b\xd7\x40\x4d\
\xbd\xb1\x32\x06\xf4\x20\xfa\xcc\xdd\xec\x18\x4e\x52\xc1\x19\xd4\
\x19\xdf\x7a\x36\x99\x9f\x0f\x85\x42\x59\xf8\x8f\x13\x58\x40\x3c\
\x5d\x41\x17\xcb\x4c\x6a\xd3\x5a\xf7\xe1\x66\x67\x2c\x67\x5e\x91\
\x00\xaf\xef\xf4\x15\x35\x32\xa3\xd2\x60\x6f\x9b\x8d\x46\xa6\x53\
\x26\xbd\xec\x2b\x52\xa4\x05\x10\xec\x86\xcb\x4a\xaf\xd8\x0c\x0a\
\xa1\xec\x00\xd1\x3f\x5f\x51\x95\x6c\xc6\x4a\xcf\xcd\x60\xad\x48\
\xbf\x16\x8f\xaf\xef\xfe\x5f\x73\x8c\x5a\x85\x8b\xc0\x77\xe7\x0f\
\x9d\x2b\x1c\xa0\xf2\x12\xd1\xde\x22\x02\x9a\x04\xbd\xf6\x6f\x29\
\x00\x2b\x8a\x71\x21\x1e\x1f\xff\x69\xb5\x41\x72\x4f\x6f\x67\xe0\
\xa6\x8a\x5e\x07\x29\xf8\x73\x41\x59\x14\xe5\xdc\xdf\xb5\x4d\xd3\
\x8e\x55\xd7\x42\x3c\xfe\xc4\xf2\x7a\x36\x07\x00\x70\xc4\xd7\x7b\
\xd0\xc0\xfe\x00\xe8\x2f\x50\xff\x26\x19\x0b\x1f\x2f\xd8\x80\x05\
\xb6\x0c\x39\x11\x1b\xff\x90\x8c\x85\xcf\xa8\x18\xdd\x20\x89\xfc\
\x76\x74\xaa\x14\xf3\xbc\x80\x1c\x52\xd1\xc8\xb4\xdb\x55\x75\x0c\
\x95\x41\xe0\x3d\xb0\x8a\xc8\xd3\xdd\x69\xc7\x48\xa9\x01\xbf\x01\
\x86\x94\xc6\xce\xfc\x5b\x9a\x6c\x00\x00\x00\x00\x49\x45\x4e\x44\
\xae\x42\x60\x82\
\x00\x00\x02\xd5\
\x89\
\x50\x4e\x47\x0d\x0a\x1a\x0a\x00\x00\x00\x0d\x49\x48\x44\x52\x00\
\x00\x00\x18\x00\x00\x00\x18\x08\x06\x00\x00\x00\xe0\x77\x3d\xf8\
\x00\x00\x00\x09\x70\x48\x59\x73\x00\x00\x0e\xc3\x00\x00\x0e\xc3\
\x01\xc7\x6f\xa8\x64\x00\x00\x00\x19\x74\x45\x58\x74\x53\x6f\x66\
\x74\x77\x61\x72\x65\x00\x77\x77\x77\x2e\x69\x6e\x6b\x73\x63\x61\
\x70\x65\x2e\x6f\x72\x67\x9b\xee\x3c\x1a\x00\x00\x02\x62\x49\x44\
\x41\x54\x48\x89\xad\x95\xc1\x4b\x93\x71\x18\xc7\x3f\xcf\xa6\x9b\
\xa6\x05\x8a\x39\x23\x02\x03\x25\xd6\x5c\x50\x5d\xba\xb8\x89\x90\
\xd0\x41\x9a\xd8\xea\x52\x61\x04\x81\xd8\x3d\xa8\xcc\xea\x52\xd0\
\xb1\x40\x8a\xfe\x80\x60\x41\x73\x62\x78\x11\xd9\xf0\x50\x87\x15\
\xcd\x4d\x3d\x24\x9d\x82\xd2\x0a\x29\x8c\xdc\xdc\xfb\x74\xc8\x95\
\xbe\x7b\xa7\x5b\xdb\xf7\xf2\xf2\xfb\x7e\x9f\xdf\xf7\xfb\xfc\x7e\
\xcf\xcb\xfb\x0a\x40\x30\x18\xb4\xcf\x2f\xa5\xef\xa1\x72\x09\x68\
\xa2\x78\xac\x0b\xc4\xb3\x18\x83\x73\xb1\xc8\x5b\xab\x02\x01\xf0\
\xf8\xfa\x86\x04\x7d\xb4\x89\xfe\x88\xea\xfc\x4e\xee\x2a\x38\x05\
\x4e\x00\x9f\xf4\x6b\x75\x5b\x2a\x15\x4a\x9b\x6b\xaa\x36\x4a\x4f\
\x9a\xb6\xee\x43\x98\xa4\xda\xb8\x91\x9c\x8a\x7c\xde\x2e\xc4\xe3\
\x0b\x3c\x14\xb8\x4a\xc3\xba\x1b\x78\x67\xd6\x6d\x1b\xc7\xa8\xb5\
\xe0\x2f\x93\xb1\x2d\x76\xf8\x02\xb7\x5b\xbb\x06\x6a\x0a\x05\x08\
\x7c\x01\xb0\xd9\xd9\x65\xa5\xdb\xb6\xeb\x0e\xa8\x03\x46\xea\x8d\
\x95\x84\xd7\x1f\x38\xb5\x43\xad\x25\x76\x0a\xc8\xa1\x5d\x95\x89\
\x0e\x5f\xe0\xac\x59\x10\x11\xad\x44\x00\x80\x80\x0c\xe5\xb1\x59\
\x9d\x10\x91\xe7\xe2\x5c\x4d\x1c\xed\x0c\xee\x2d\x27\x00\xd0\x46\
\x33\x33\x3b\x13\x8e\xcf\x46\x5f\x04\xf5\x57\xad\x3f\x23\x99\x25\
\x6f\x67\x60\xb8\x8c\x80\xc2\x30\x32\x8e\x57\xa0\x0b\x2a\xdc\xf5\
\xfa\xfb\x6e\xe5\xf8\xaa\x52\x8d\xdc\xbe\xfe\x76\x3b\xc6\x63\x44\
\xf7\x6c\x55\x32\xa0\xe2\x00\x50\xd5\x3b\x1d\xfe\xc0\x72\x32\x1a\
\x1e\x2d\x39\x40\x8c\xf5\x46\xb1\xc9\x21\xd5\xbc\x57\xdb\xdc\xf0\
\x01\x33\x51\x14\xe6\x66\xc6\x5e\x03\xfb\xcd\x7c\x6b\xd7\x40\x4d\
\xbd\xb1\x32\x06\xf4\x20\xfa\xcc\xdd\xec\x18\x4e\x52\xc1\x19\xd4\
\x19\xdf\x7a\x36\x99\x9f\x0f\x85\x42\x59\xf8\x8f\x13\x58\x40\x3c\
\x5d\x41\x17\xcb\x4c\x6a\xd3\x5a\xf7\xe1\x66\x67\x2c\x67\x5e\x91\
\x00\xaf\xef\xf4\x15\x35\x32\xa3\xd2\x60\x6f\x9b\x8d\x46\xa6\x53\
\x26\xbd\xec\x2b\x52\xa4\x05\x10\xec\x86\xcb\x4a\xaf\xd8\x0c\x0a\
\xa1\xec\x00\xd1\x3f\x5f\x51\x95\x6c\xc6\x4a\xcf\xcd\x60\xad\x48\
\xbf\x16\x8f\xaf\xef\xfe\x5f\x73\x8c\x5a\x85\x8b\xc0\x77\xe7\x0f\
\x9d\x2b\x1c\xa0\xf2\x12\xd1\xde\x22\x02\x9a\x04\xbd\xf6\x6f\x29\
\x00\x2b\x8a\x71\x21\x1e\x1f\xff\x69\xb5\x41\x72\x4f\x6f\x67\xe0\
\xa6\x8a\x5e\x07\x29\xf8\x73\x41\x59\x14\xe5\xdc\xdf\xb5\x4d\xd3\
\x8e\x55\xd7\x42\x3c\xfe\xc4\xf2\x7a\x36\x07\x00\x70\xc4\xd7\x7b\
\xd0\xc0\xfe\x00\xe8\x2f\x50\xff\x26\x19\x0b\x1f\x2f\xd8\x80\x05\
\xb6\x0c\x39\x11\x1b\xff\x90\x8c\x85\xcf\xa8\x18\xdd\x20\x89\xfc\
\x76\x74\xaa\x14\xf3\xbc\x80\x1c\x52\xd1\xc8\xb4\xdb\x55\x75\x0c\
\x95\x41\xe0\x3d\xb0\x8a\xc8\xd3\xdd\x69\xc7\x48\xa9\x01\xbf\x01\
\x86\x94\xc6\xce\xfc\x5b\x9a\x6c\x00\x00\x00\x00\x49\x45\x4e\x44\
\xae\x42\x60\x82\
\x00\x00\x03\x35\
\x89\
\x50\x4e\x47\x0d\x0a\x1a\x0a\x00\x00\x00\x0d\x49\x48\x44\x52\x00\
\x00\x00\x20\x00\x00\x00\x20\x08\x06\x00\x00\x00\x73\x7a\x7a\xf4\
\x00\x00\x00\x09\x70\x48\x59\x73\x00\x00\x0e\xc3\x00\x00\x0e\xc3\
\x01\xc7\x6f\xa8\x64\x00\x00\x00\x19\x74\x45\x58\x74\x53\x6f\x66\
\x74\x77\x61\x72\x65\x00\x77\x77\x77\x2e\x69\x6e\x6b\x73\x63\x61\
\x70\x65\x2e\x6f\x72\x67\x9b\xee\x3c\x1a\x00\x00\x02\xc2\x49\x44\
\x41\x54\x58\x85\xbd\x97\x41\x68\x15\x57\x14\x86\xbf\x73\xa6\x2f\
\x81\x62\x2d\x41\xd0\x48\x69\xbb\xa8\xad\x11\x4b\xdc\x08\x22\xda\
\x40\x28\x4a\x2b\xa5\xd0\x45\x28\x5d\x09\x59\xa4\x51\x17\x5d\x66\
\xf1\x9a\xe1\xe0\x15\x57\xca\x5b\x3c\x97\x96\x42\x69\x11\xcc\x4a\
\x71\xd7\x4d\x4c\x5b\xa5\xaf\xb8\x11\x22\x0a\x45\xa1\x8b\x40\x41\
\x49\x78\x0d\xc6\x60\xe7\x1e\x17\xa2\x28\xce\x24\x6f\xe6\x99\xf7\
\x2f\xe7\xdc\xfb\xff\xdf\xcc\x1d\xee\xb9\x57\xe8\x40\xf5\x7a\xfd\
\x9d\x24\x49\x4e\x00\x9f\x01\x1f\x00\x7d\xc0\x82\x88\xcc\xc6\x18\
\xcf\x87\x10\xae\x77\xe2\x93\x27\x59\x6f\x40\x9a\xa6\xc7\x80\x33\
\xc0\x9b\x85\x26\x22\x3f\xb5\xdb\xed\xc9\x46\xa3\xb1\x52\x16\x20\
\x59\xab\x38\x3d\x3d\x9d\x8a\xc8\x19\xa0\xb6\x8e\xcf\x9e\xfe\xfe\
\xfe\x4f\x86\x87\x87\x2f\xb4\x5a\xad\xac\x0c\x80\x16\x15\xcc\xec\
\x0b\x11\xb1\x12\x5e\x23\x03\x03\x03\x67\xcb\x84\x43\xc1\x12\x98\
\x99\xc6\x18\x6f\x01\x3b\x4b\xfa\x65\xaa\xfa\xb1\x99\xdd\xee\x74\
\x42\xee\x17\xc8\xb2\x6c\x5f\x85\x70\x80\xc4\xdd\xbf\x29\x33\xa1\
\x68\x09\xf6\x57\x08\x07\xc0\xdd\x0f\x74\x0d\x20\x22\x5b\xab\x02\
\x00\xdb\xba\x06\x70\xf7\xe5\x2e\x00\xfe\xeb\x1a\x40\x44\xee\x54\
\x4d\x2f\x3b\x37\x17\x40\x55\x7f\x05\x1e\x55\x01\x70\xf7\xcb\x5d\
\x03\x98\xd9\x92\x88\x9c\xab\x90\x7f\x53\x55\x2f\x75\x0d\x00\xd0\
\x6e\xb7\x53\xe0\xaf\x12\x5e\x2b\xee\x3e\x6e\x66\xf1\xb5\x00\x34\
\x1a\x8d\x15\x55\xfd\x12\x68\x75\xe0\xf3\x40\x55\x8f\x84\x10\x6e\
\x94\x09\x87\x75\x7a\xc1\xec\xec\xec\xf2\xe8\xe8\xe8\xcf\xee\xfe\
\x10\xd8\xc3\xab\x0d\x69\x15\xf8\x25\xcb\xb2\xaf\x43\x08\x37\xcb\
\x86\x43\xce\x56\x3c\x35\x35\xf5\x76\x5f\x5f\xdf\xe7\x22\xb2\xd3\
\xdd\xff\x5d\x5a\x5a\xfa\xb1\xd9\x6c\xae\x8e\x8d\x8d\x25\x43\x43\
\x43\x7b\x45\x64\x87\xbb\xd7\x92\x24\x59\x00\xae\x99\xd9\x32\x3c\
\x6f\xd9\xe3\xee\xfe\x38\x49\x92\xd6\xfc\xfc\xfc\xd5\x99\x99\x99\
\x75\x1b\xd3\x4b\x00\x69\x9a\x7e\x07\x9c\x04\x36\xbf\xf0\xf8\xb6\
\xbb\x4f\x86\x10\xae\xe6\x19\x4c\x4c\x4c\xd4\x06\x07\x07\x27\x81\
\xd3\xc0\xa6\x17\x4a\x77\x54\x75\xdc\xcc\xae\x75\x04\x90\xa6\xe9\
\x29\xa0\xbe\xc6\xd8\x3f\x80\x1f\xdc\xbd\x15\x63\x5c\xae\xd5\x6a\
\xdb\x63\x8c\x9f\x02\xdf\x02\xef\x16\xcc\x59\x75\xf7\x43\x21\x84\
\xdf\xd6\x04\x30\xb3\x83\x31\xc6\x39\x3a\x38\xa0\x54\xd0\x3f\xaa\
\xba\xcb\xcc\x1e\xe6\x15\x15\x20\xc6\xf8\xfd\x06\x85\x03\xbc\x17\
\x63\x3c\x5a\x54\x54\x33\xdb\x01\x1c\xde\xa0\xf0\x67\x3a\x51\x08\
\x90\x65\xd9\x61\x36\xee\xed\x9f\x69\x77\xbd\x5e\xcf\xfd\x4f\x54\
\x55\x4b\xf5\xef\xaa\x2a\xca\x51\x77\xff\xa8\x17\x00\x22\xf2\x61\
\x2e\x00\xf0\x7e\x2f\x00\x8a\x72\x14\x78\xab\x17\xe9\x22\x92\x9b\
\xa3\xc0\x1b\xbd\x00\x70\xf7\xdc\xbb\x85\x02\xf7\x7b\x01\x50\x94\
\xa3\xee\xfe\x7b\x8f\x00\x72\xb7\x63\xe5\xe9\xbd\xaf\xd4\x75\xaa\
\x82\xee\x2e\x2e\x2e\x5e\xcc\x05\x08\x21\xfc\xe9\xee\xc7\x81\xff\
\x37\x28\x7c\x41\x55\xbf\x6a\x36\x9b\xab\x79\xc5\x04\x60\x6e\x6e\
\xee\xc6\xc8\xc8\xc8\x15\x11\xd9\x04\x6c\xe1\xe9\xc1\xa3\xf0\xb4\
\xd4\x81\x56\x80\xbf\x81\xf3\xaa\x7a\xd4\xcc\xee\x15\x0d\x7c\x02\
\xfb\x85\xea\x81\xb4\xf9\x95\x30\x00\x00\x00\x00\x49\x45\x4e\x44\
\xae\x42\x60\x82\
\x00\x00\x02\x8a\
\x89\
\x50\x4e\x47\x0d\x0a\x1a\x0a\x00\x00\x00\x0d\x49\x48\x44\x52\x00\
\x00\x00\x18\x00\x00\x00\x18\x08\x06\x00\x00\x00\xe0\x77\x3d\xf8\
\x00\x00\x00\x09\x70\x48\x59\x73\x00\x00\x0e\xc3\x00\x00\x0e\xc3\
\x01\xc7\x6f\xa8\x64\x00\x00\x00\x19\x74\x45\x58\x74\x53\x6f\x66\
\x74\x77\x61\x72\x65\x00\x77\x77\x77\x2e\x69\x6e\x6b\x73\x63\x61\
\x70\x65\x2e\x6f\x72\x67\x9b\xee\x3c\x1a\x00\x00\x02\x17\x49\x44\
\x41\x54\x48\x89\xad\x93\x3f\x68\x53\x51\x14\x87\xbf\x73\x1f\x8d\
\xad\xa9\x4b\xb5\xda\xc1\x52\xea\xbf\xaa\xa5\x11\xc9\x20\x45\xdb\
\x08\x0e\x2e\x96\x50\xf1\x21\x15\x17\x17\xd1\xad\xa3\xba\xb8\x74\
\x17\xdd\x44\x70\x75\x08\xd8\xa4\x83\xb6\x60\x87\x44\x50\x44\xd4\
\xd0\xb4\x60\xa0\x4b\x14\x51\x52\x44\xc4\xa6\x92\xbc\xf6\x1d\x07\
\x3b\xe4\x6f\x5f\x1e\xbc\x33\xfe\xee\x3d\xdf\x77\xef\xe5\x1e\xa1\
\x45\x0d\x9f\xb7\xbb\x71\x9d\x69\x81\xab\xa0\x47\x40\x2a\x28\x1f\
\x45\xf4\x49\x2e\x93\x7a\x06\x68\xab\xde\xea\x92\x66\x61\x64\x7c\
\x62\x70\x0b\x6b\x5e\xe0\x58\x8b\xbe\xe7\xfa\xb3\x63\x6a\x65\x25\
\x51\xf1\x12\x98\xfa\x60\x74\xd4\xee\x72\x31\x2f\x76\x80\x03\x5c\
\x96\xbd\x95\x87\x5e\xf0\xa6\x82\xf5\xd0\xe6\x6d\x90\xe3\xde\xad\
\x72\x73\x78\x2c\x7e\xd2\xb7\x40\x5d\x9d\x6c\xe7\x64\x80\x11\x24\
\xee\x5b\x80\xc8\x60\x9b\x02\x30\x72\xc8\xbf\x00\xdd\x68\x5b\xa0\
\xae\xe7\xde\xc6\x27\x82\xf7\xed\xf2\x05\xde\xf9\x17\xb8\xfa\x88\
\xf6\xfe\xf8\xf7\x50\xc9\x4d\x7a\x6d\xb2\xea\x83\xb5\x2f\xf9\x6f\
\xbd\x03\x43\x9d\x82\x9c\xdb\xa1\xcf\x11\xa3\x57\xb2\x6f\xe7\xf2\
\xbe\x05\x00\x6b\x85\xfc\xe2\xfe\x81\xa1\x12\xc8\x59\x20\x54\xb3\
\xa8\x14\x54\xc4\x5e\x4e\x27\x17\xbd\xe0\x50\x37\xc9\xa7\xc7\xec\
\xde\x0a\x95\x98\x60\xfd\x3d\xd1\x67\xcd\xaf\xfe\xa0\x67\xd3\x54\
\x2e\xa9\x72\x18\xc4\x51\xdc\x4f\xe5\xb0\xb3\xb0\xfa\xf2\x8c\x33\
\x12\xcb\x5e\x04\xe9\x16\x87\xf4\xd2\x9b\xd9\xa2\xa7\x60\x64\x7c\
\xf2\x8e\xe2\xde\x07\xe9\xdc\x8e\xb2\xa2\x32\x9d\x7b\x3d\x9b\xae\
\x6e\x88\xc4\xe2\x63\x2e\xf2\x00\x25\xba\x1d\x95\x15\x66\x56\x32\
\xc9\x99\x96\x82\x91\x58\xfc\x86\xaa\x3c\x6d\x7e\x06\xfd\x8c\x90\
\x15\x57\x54\x85\x53\x40\xd3\xe9\x15\xf4\x56\x2e\x93\x7a\xdc\x90\
\x47\xa3\x13\xbb\xcb\x61\xeb\x2b\xd0\xd3\xea\x9a\x6d\xd6\x9f\x5d\
\xa1\x8e\xfe\x0f\xaf\x12\xbf\xab\x43\x53\x0e\x5b\x53\x01\xc0\x01\
\xf6\x94\x1d\xe7\x5a\x7d\x68\x44\xb9\x10\x00\xfc\x7f\x35\x61\x19\
\x8c\x44\x02\x13\x40\x03\xcb\xa8\x6a\x7f\x70\xfc\x46\x96\x01\xc2\
\xc1\x09\xa4\xd3\xb6\xed\x9a\xe1\x35\x40\x29\x38\x01\x1b\x89\x44\
\x62\xab\x56\x20\x64\x82\xa2\x8b\x6a\x03\xcb\x88\xea\x3d\x60\x3d\
\x00\x7e\xc9\xb5\xe4\x6e\x7d\x68\x15\x0b\xf9\xe2\xbe\x83\x47\xe7\
\xc4\x98\x3e\xe0\x00\xd0\xe5\x13\xfc\x0b\x61\x41\xd0\xeb\xcb\xe9\
\xd4\x52\xfd\xe2\x3f\x7b\x91\xaf\x1a\x48\x10\x0f\xee\x00\x00\x00\
\x00\x49\x45\x4e\x44\xae\x42\x60\x82\
\x00\x00\x02\x8a\
\x89\
\x50\x4e\x47\x0d\x0a\x1a\x0a\x00\x00\x00\x0d\x49\x48\x44\x52\x00\
\x00\x00\x18\x00\x00\x00\x18\x08\x06\x00\x00\x00\xe0\x77\x3d\xf8\
\x00\x00\x00\x09\x70\x48\x59\x73\x00\x00\x0e\xc3\x00\x00\x0e\xc3\
\x01\xc7\x6f\xa8\x64\x00\x00\x00\x19\x74\x45\x58\x74\x53\x6f\x66\
\x74\x77\x61\x72\x65\x00\x77\x77\x77\x2e\x69\x6e\x6b\x73\x63\x61\
\x70\x65\x2e\x6f\x72\x67\x9b\xee\x3c\x1a\x00\x00\x02\x17\x49\x44\
\x41\x54\x48\x89\xad\x93\x3f\x68\x53\x51\x14\x87\xbf\x73\x1f\x8d\
\xad\xa9\x4b\xb5\xda\xc1\x52\xea\xbf\xaa\xa5\x11\xc9\x20\x45\xdb\
\x08\x0e\x2e\x96\x50\xf1\x21\x15\x17\x17\xd1\xad\xa3\xba\xb8\x74\
\x17\xdd\x44\x70\x75\x08\xd8\xa4\x83\xb6\x60\x87\x44\x50\x44\xd4\
\xd0\xb4\x60\xa0\x4b\x14\x51\x52\x44\xc4\xa6\x92\xbc\xf6\x1d\x07\
\x3b\xe4\x6f\x5f\x1e\xbc\x33\xfe\xee\x3d\xdf\x77\xef\xe5\x1e\xa1\
\x45\x0d\x9f\xb7\xbb\x71\x9d\x69\x81\xab\xa0\x47\x40\x2a\x28\x1f\
\x45\xf4\x49\x2e\x93\x7a\x06\x68\xab\xde\xea\x92\x66\x61\x64\x7c\
\x62\x70\x0b\x6b\x5e\xe0\x58\x8b\xbe\xe7\xfa\xb3\x63\x6a\x65\x25\
\x51\xf1\x12\x98\xfa\x60\x74\xd4\xee\x72\x31\x2f\x76\x80\x03\x5c\
\x96\xbd\x95\x87\x5e\xf0\xa6\x82\xf5\xd0\xe6\x6d\x90\xe3\xde\xad\
\x72\x73\x78\x2c\x7e\xd2\xb7\x40\x5d\x9d\x6c\xe7\x64\x80\x11\x24\
\xee\x5b\x80\xc8\x60\x9b\x02\x30\x72\xc8\xbf\x00\xdd\x68\x5b\xa0\
\xae\xe7\xde\xc6\x27\x82\xf7\xed\xf2\x05\xde\xf9\x17\xb8\xfa\x88\
\xf6\xfe\xf8\xf7\x50\xc9\x4d\x7a\x6d\xb2\xea\x83\xb5\x2f\xf9\x6f\
\xbd\x03\x43\x9d\x82\x9c\xdb\xa1\xcf\x11\xa3\x57\xb2\x6f\xe7\xf2\
\xbe\x05\x00\x6b\x85\xfc\xe2\xfe\x81\xa1\x12\xc8\x59\x20\x54\xb3\
\xa8\x14\x54\xc4\x5e\x4e\x27\x17\xbd\xe0\x50\x37\xc9\xa7\xc7\xec\
\xde\x0a\x95\x98\x60\xfd\x3d\xd1\x67\xcd\xaf\xfe\xa0\x67\xd3\x54\
\x2e\xa9\x72\x18\xc4\x51\xdc\x4f\xe5\xb0\xb3\xb0\xfa\xf2\x8c\x33\
\x12\xcb\x5e\x04\xe9\x16\x87\xf4\xd2\x9b\xd9\xa2\xa7\x60\x64\x7c\
\xf2\x8e\xe2\xde\x07\xe9\xdc\x8e\xb2\xa2\x32\x9d\x7b\x3d\x9b\xae\
\x6e\x88\xc4\xe2\x63\x2e\xf2\x00\x25\xba\x1d\x95\x15\x66\x56\x32\
\xc9\x99\x96\x82\x91\x58\xfc\x86\xaa\x3c\x6d\x7e\x06\xfd\x8c\x90\
\x15\x57\x54\x85\x53\x40\xd3\xe9\x15\xf4\x56\x2e\x93\x7a\xdc\x90\
\x47\xa3\x13\xbb\xcb\x61\xeb\x2b\xd0\xd3\xea\x9a\x6d\xd6\x9f\x5d\
\xa1\x8e\xfe\x0f\xaf\x12\xbf\xab\x43\x53\x0e\x5b\x53\x01\xc0\x01\
\xf6\x94\x1d\xe7\x5a\x7d\x68\x44\xb9\x10\x00\xfc\x7f\x35\x61\x19\
\x8c\x44\x02\x13\x40\x03\xcb\xa8\x6a\x7f\x70\xfc\x46\x96\x01\xc2\
\xc1\x09\xa4\xd3\xb6\xed\x9a\xe1\x35\x40\x29\x38\x01\x1b\x89\x44\
\x62\xab\x56\x20\x64\x82\xa2\x8b\x6a\x03\xcb\x88\xea\x3d\x60\x3d\
\x00\x7e\xc9\xb5\xe4\x6e\x7d\x68\x15\x0b\xf9\xe2\xbe\x83\x47\xe7\
\xc4\x98\x3e\xe0\x00\xd0\xe5\x13\xfc\x0b\x61\x41\xd0\xeb\xcb\xe9\
\xd4\x52\xfd\xe2\x3f\x7b\x91\xaf\x1a\x48\x10\x0f\xee\x00\x00\x00\
\x00\x49\x45\x4e\x44\xae\x42\x60\x82\
\x00\x00\x03\x6b\
\x89\
\x50\x4e\x47\x0d\x0a\x1a\x0a\x00\x00\x00\x0d\x49\x48\x44\x52\x00\
\x00\x00\x20\x00\x00\x00\x20\x08\x06\x00\x00\x00\x73\x7a\x7a\xf4\
\x00\x00\x00\x09\x70\x48\x59\x73\x00\x00\x0e\xc3\x00\x00\x0e\xc3\
\x01\xc7\x6f\xa8\x64\x00\x00\x00\x19\x74\x45\x58\x74\x53\x6f\x66\
\x74\x77\x61\x72\x65\x00\x77\x77\x77\x2e\x69\x6e\x6b\x73\x63\x61\
\x70\x65\x2e\x6f\x72\x67\x9b\xee\x3c\x1a\x00\x00\x02\xf8\x49\x44\
\x41\x54\x58\x85\xdd\x96\x4f\x68\x54\x57\x14\xc6\x7f\xf7\xbc\x69\
\x1d\x85\x56\x88\xd8\xce\x04\x4a\x5b\xac\x06\x02\xae\x8a\x15\x54\
\x6a\x42\x71\xd1\x85\x8b\x12\x82\x94\xe2\x4e\x52\x5c\xa8\x0b\x6b\
\x16\x21\xef\xe6\xf8\xde\x90\xa8\x60\xe9\xaa\x60\xc0\x4d\xba\x33\
\x3b\x29\xd4\x8d\x18\xd3\x2a\xdd\x14\x4a\xe9\x94\xb6\x14\x0a\xc5\
\x45\xc4\x3f\x98\x62\xd1\x98\x99\x7b\xbb\xf0\x8d\xbc\x4e\x33\x6f\
\x66\x78\x99\x0a\xfd\x60\x98\x37\xdc\xef\xdc\xef\xc7\xbd\x67\x78\
\xc7\x90\x68\x6c\x6c\xec\x85\x52\xa9\x34\x01\x1c\x06\xb6\x91\x4f\
\xbf\x01\x73\x4b\x4b\x4b\x67\x66\x67\x67\x57\xb3\x8c\x85\xc6\x43\
\xb9\x5c\xfe\xdc\x7b\x7f\x24\x67\x70\x43\x6f\x01\x51\xb9\x5c\xee\
\x07\x8e\x66\x19\x0d\x80\xaa\xf6\x3b\xe7\x6e\x35\x7e\xa7\x74\x1d\
\x38\x2f\x22\x8f\x3a\x4d\x76\xce\x05\xc0\x07\xc0\xc7\x80\x17\x91\
\x7e\x55\x5d\x6a\xe5\x2f\x24\x45\x3b\xd7\x08\x07\xd8\x0f\xbc\xe1\
\x9c\x3b\x15\x45\xd1\x7c\xa7\x10\xaa\x7a\xcd\x39\x37\x06\x98\x64\
\xef\x96\x00\x92\x7c\xbf\x98\xb1\xdf\xeb\xc0\x25\x6b\xed\xb7\x61\
\x18\xee\xee\x10\xe0\xc9\xb3\x00\x91\x0d\x59\x5e\xc9\x5a\x6c\xd2\
\x6e\x63\xcc\x4d\x6b\xed\xdc\xc4\xc4\xc4\xab\x5d\xd4\x65\xaa\x1b\
\x80\x86\xff\x70\xa1\x50\xf8\xc5\x5a\xfb\xd1\xf3\x00\x68\x68\x33\
\x30\xa7\xaa\xef\xb6\x33\x3a\xe7\x7c\x2f\x00\x00\x24\x69\xb4\x35\
\xe5\xbd\xbf\x0a\xdc\xa9\xd7\xeb\x3f\xf4\x0a\x00\x9e\x36\xe8\x9a\
\x8a\xe3\xf8\x80\x88\x94\x56\x56\x56\xee\x5b\x6b\xbf\xb6\xd6\x5e\
\x1e\x1f\x1f\x7f\x69\xbd\x01\xd6\xfa\xeb\x3e\x93\xaa\xba\x62\xb1\
\xf8\x0a\xb0\x07\x38\x58\x2c\x16\xbf\x6a\x86\xc8\x0b\xd0\x56\x95\
\x4a\xe5\x77\xe0\x38\xe0\x81\xbd\xcd\x10\x85\x96\x95\x1d\x6a\x74\
\x74\x34\x18\x1c\x1c\x3c\xe3\xbd\x6f\x79\x1d\x89\xee\x02\x5b\x13\
\x88\x2b\xaa\xfa\x9e\xaa\x3e\xce\x0d\x30\x30\x30\xb0\xc3\x7b\xff\
\x49\x97\x65\x7b\x80\x77\x80\xc5\xdc\x00\x95\x4a\xe5\xe7\x30\x0c\
\x4f\x8a\xc8\x40\x96\xcf\x7b\x3f\x02\x6c\x49\x9e\xbf\xac\x56\xab\
\x37\x60\x1d\xae\x00\xf0\x71\x1c\x7f\x9a\x65\x98\x9a\x9a\x8a\xd3\
\xe1\x41\x10\x8c\xcc\xcf\xcf\xd7\xe1\x3f\x68\xc2\xc9\xc9\xc9\xed\
\xde\xfb\xc9\x74\x78\xfa\x5d\xb1\x1e\x27\x90\xa9\xe5\xe5\xe5\x3f\
\xfa\xfa\xfa\x2e\x01\x0f\x44\xe4\x58\x3a\xbc\xa7\x00\xd6\xda\x11\
\x60\x50\x44\x66\x54\xf5\x50\x2b\x5f\x2f\x4f\xe0\x0b\x60\xa3\x73\
\xee\x26\x70\xb5\x95\xa9\x97\x3d\x50\x04\x10\x91\x8d\x59\xa6\x9e\
\x37\x61\x3b\xfd\x3f\x01\x54\x75\x13\xc9\x8b\xca\x39\x97\x39\xd0\
\x36\x9a\xf0\x49\x96\x29\x43\xa5\x30\x0c\xff\x35\x13\xd4\xeb\xf5\
\xf7\x8d\x31\x00\xb5\xd5\xd5\xd5\xef\xdb\x02\x88\x48\xd5\x39\xe7\
\xe8\xfe\x44\xb6\x19\x63\x2e\x64\xac\x9f\x9d\x99\x99\xb9\x97\xb5\
\x41\x00\xb0\xb0\xb0\xf0\xe7\xd0\xd0\xd0\x16\xa0\xa3\xa9\x37\xa5\
\x1a\xb0\x0c\x3c\x4e\x7d\xfe\x02\xbe\xf3\xde\x57\xe2\x38\x3e\xdf\
\x6e\x83\xf4\x40\x61\xc2\x30\x3c\x61\x8c\x39\x0d\xbc\xdc\x21\xc0\
\x8d\x28\x8a\xf6\x75\x09\xfd\x0f\xa5\x8f\xdc\xc7\x71\xfc\x59\xad\
\x56\xdb\x01\x5c\x04\x5c\x07\xf5\xb5\x3c\xe1\xcd\x00\x00\x4c\x4f\
\x4f\xdf\x8e\xa2\xe8\x88\x88\xec\x02\xbe\x69\x53\xff\x53\x5e\x80\
\xcc\x99\x8e\xa7\xd7\x72\xc8\x18\x73\x0e\x78\xad\x69\xed\xa1\x88\
\xbc\xad\xaa\xbf\xe6\x01\x08\xda\x19\x16\x17\x17\x7f\x1c\x1e\x1e\
\xbe\xe0\xbd\x7f\x04\xbc\x09\x14\xbd\xf7\xd7\x83\x20\xf8\x50\x55\
\xab\x79\xc2\x01\xfe\x06\x34\x1f\x06\x7c\x16\x7f\xbe\xd4\x00\x00\
\x00\x00\x49\x45\x4e\x44\xae\x42\x60\x82\
\x00\x00\x04\xab\
\x89\
\x50\x4e\x47\x0d\x0a\x1a\x0a\x00\x00\x00\x0d\x49\x48\x44\x52\x00\
\x00\x00\x20\x00\x00\x00\x20\x08\x06\x00\x00\x00\x73\x7a\x7a\xf4\
\x00\x00\x00\x09\x70\x48\x59\x73\x00\x00\x0e\xc3\x00\x00\x0e\xc3\
\x01\xc7\x6f\xa8\x64\x00\x00\x00\x19\x74\x45\x58\x74\x53\x6f\x66\
\x74\x77\x61\x72\x65\x00\x77\x77\x77\x2e\x69\x6e\x6b\x73\x63\x61\
\x70\x65\x2e\x6f\x72\x67\x9b\xee\x3c\x1a\x00\x00\x04\x38\x49\x44\
\x41\x54\x58\x85\xed\x96\x4f\x88\x55\x55\x1c\xc7\x3f\xe7\xa7\xc6\
\x20\x19\x31\x44\x0b\x49\xd2\x92\x9c\x09\x5c\x48\xa1\xf9\xef\x4d\
\x63\x21\x18\x43\x46\x30\xa5\x66\xb4\xc8\x36\x2d\xc3\x14\xe2\xdd\
\xfb\x7e\xdc\x3b\x49\x4d\xda\xa2\x45\x44\xa0\x50\x64\x49\x53\x96\
\x9b\xa0\x32\x69\x66\x1c\x51\x37\x45\x20\x0f\x71\x91\x99\x7f\x20\
\x5b\x24\x32\xd8\x4c\xbd\xdf\xaf\xc5\xbb\x6f\xe6\xf2\xe6\xf5\xde\
\x1b\x66\x59\xdf\xcd\x3d\xe7\x9e\xdf\x39\xdf\xcf\x39\xf7\x9e\xdf\
\x39\xf0\x5f\x57\x98\x4d\xac\xaa\x6e\x74\xf7\x2d\xee\xbe\x0e\xb8\
\x1f\x58\x9c\x8d\x71\x0d\xb8\x10\x42\x38\x65\x66\x5f\xa5\x69\x7a\
\x12\xf0\x39\x01\xc4\x71\x3c\x0c\x20\x22\xbd\x66\xf6\x02\xf0\x2a\
\xd0\xdd\x26\x6c\x19\x78\x4b\x44\x3e\x50\x55\x6b\x16\x28\x4d\xda\
\x0a\x40\xc1\xcc\xc6\x80\x43\x99\xf9\xe5\x10\xc2\xdb\xc0\x13\x95\
\x4a\x65\xe9\xc4\xc4\xc4\x9d\x49\x92\x48\xa5\x52\x59\x2a\x22\x5b\
\x80\x03\xc0\xa5\x2c\xf6\x90\x99\x8d\x15\x8b\xc5\x15\xcd\x00\x9a\
\xad\x40\x7e\x09\xaf\x00\x51\x3b\x33\x52\x55\xa9\x54\x2a\x3b\x43\
\x08\x09\x70\x2f\xf0\x07\xb0\x2d\x49\x92\xaf\xe7\x02\x80\xbb\x7f\
\x9f\xa6\x69\x6f\x33\xf3\xbc\xf6\xec\xd9\xb3\xa8\xa3\xa3\xe3\x20\
\xd0\x0f\x4c\x88\x48\x9f\xaa\x1e\x9f\x0d\xc0\x28\xb0\xa1\x0e\x60\
\x53\x1c\xc7\x9b\x43\x08\x3b\xdc\x7d\x3d\xd5\x9f\xd0\x80\x5f\x81\
\x51\x11\xf9\xb4\xde\xa4\x54\x2a\x1d\x70\xf7\x57\x80\x9b\x66\xf6\
\xd0\xc0\xc0\xc0\x85\xb6\x00\xea\xa5\xaa\x5d\x66\x76\x10\x58\xd7\
\x22\x74\xd8\xcc\x5e\xca\x19\x85\x52\xa9\xf4\xa1\xbb\xef\x04\xce\
\x94\xcb\xe5\xf5\x43\x43\x43\x95\x5a\x70\xb3\x9f\x70\x4a\x71\x1c\
\xf7\x9a\xd9\xd9\x36\xcc\x01\x7a\x44\xe4\x74\x14\x45\x1b\xb3\xba\
\xdf\xba\x75\xeb\x65\xaa\x3f\xe7\x9a\xae\xae\xae\xed\xf9\xe0\x96\
\x00\xaa\xda\x05\x1c\x03\x16\xd5\xb7\x89\x48\x8f\x88\xf4\x34\xe8\
\xd6\x19\x42\xf8\x52\x55\x97\x03\x0c\x0e\x0e\xde\x04\x76\x03\x84\
\x10\x8a\xe4\x56\xbe\x25\x80\x99\x1d\x6a\x64\x9e\xc1\x8d\xa8\xea\
\xc8\xbf\x74\xed\x34\xb3\xf7\x6b\x95\x72\xb9\x7c\x14\xb8\x08\xac\
\x88\xa2\xe8\x91\xb6\x00\x54\x75\x33\xb0\xb6\x15\x64\x13\xf5\xaa\
\xea\x26\x80\xa1\xa1\xa1\x4a\x08\xe1\x63\x80\x10\xc2\xd6\xb6\x00\
\xdc\xfd\xb9\x39\x98\x03\x60\x66\xcf\xe4\xc6\x3b\x91\x15\x57\xb7\
\x0b\x30\x97\xd9\xd7\x54\x98\x32\x13\x39\x97\x15\x1f\x98\x01\x10\
\xc7\xf1\x70\x2d\xff\xe7\xb4\xa4\x4d\x93\x33\x4d\xda\xee\xc9\x95\
\x7f\xa7\x9a\x37\x3a\x67\x00\x00\xab\x80\x82\xaa\x2e\xcc\xbd\x6b\
\x9a\x27\xa2\x28\x5a\x0b\x50\x2e\x97\xd7\xbb\xfb\x5e\xe0\xcf\x06\
\x61\xf3\xea\xea\x01\xf8\xbb\x11\xc0\xb5\xec\x79\x57\xee\xdd\xa5\
\x66\x00\x21\x84\x13\x71\x1c\xef\x05\x48\xd3\x74\x50\x44\x1a\xa5\
\xea\xcb\xb9\x72\x67\x06\x70\xb5\x11\xc0\x95\xec\xf9\x60\xee\xdd\
\xa9\x66\x00\x40\x07\xf0\x46\x77\x77\xf7\x58\x14\x45\x2b\x81\xf9\
\x0d\x20\xa7\xc6\x30\xb3\x95\x00\xee\x5e\xf3\x9a\x06\x08\x21\x8c\
\x66\x41\x9b\x72\xfd\x0f\xb7\x00\xa8\x69\x4d\x08\xe1\x27\x33\x1b\
\xad\x6f\x70\xf7\x8f\x72\x1e\x8f\x66\xcf\xa9\xdc\x91\x07\x38\x96\
\x15\xb7\xa9\xea\x7c\x80\x24\x49\x8e\x03\x27\xdb\x84\x68\xa4\xd1\
\x24\x49\xbe\x03\xe8\xef\xef\x9f\xe7\xee\x3b\x00\x44\xa4\xe6\x35\
\x0d\xa0\xaa\x3f\x00\xe7\x81\x25\x66\xd6\x5f\x9b\x80\x99\xed\xa2\
\x7a\xa6\xcf\x56\x37\xcc\xec\xc5\x5a\xa5\xbb\xbb\xfb\x49\xe0\x3e\
\xa0\xac\xaa\x3f\xce\x00\x00\x5c\x44\x8a\x59\xf9\x4d\x55\xbd\x03\
\x60\x60\x60\xe0\xbc\xbb\x3f\x05\xdc\x98\x8d\xb9\x88\xf4\xd5\x4e\
\x44\x55\xbd\x9d\xea\x6d\x89\x9c\xc7\x0c\x00\x54\xf5\x73\xe0\x34\
\xd5\x55\x78\x97\x6c\x1b\xa6\x69\x3a\x6c\x66\x6b\x68\xef\x73\x9c\
\x14\x91\x87\x55\x75\x2a\xd6\xcc\xde\x01\x96\x01\x63\xaa\xfa\x45\
\x3e\x78\xc6\x3e\x2f\x16\x8b\xcb\x44\xe4\x2c\xd5\xed\x78\x20\x49\
\x92\xdd\xf9\xf6\x38\x8e\x1f\xcb\x2e\x24\x1b\xa8\x5e\xb9\xfe\xa2\
\xba\x83\x4e\x01\x9f\x24\x49\xf2\x6d\x3e\xbe\x54\x2a\xbd\xee\xee\
\xaf\x01\xd7\x45\x64\xb5\xaa\x5e\x6c\x0a\x00\x10\x45\x51\x4f\x08\
\xe1\x1b\xe0\xb6\x10\xc2\x91\xf1\xf1\xf1\x5d\xfb\xf7\xef\x1f\x6f\
\x63\xf6\x53\x52\xd5\x85\x66\xf6\x1e\xf0\x3c\x30\xe9\xee\x8f\xa7\
\x69\x3a\x63\x97\xd4\x67\x29\x00\x46\x46\x46\x7e\x29\x14\x0a\xa3\
\x21\x84\x3e\x60\xf5\x82\x05\x0b\xb6\xf7\xf4\xf4\xfc\x36\x3c\x3c\
\x7c\xae\x51\x7c\x9d\x42\x1c\xc7\xfd\xee\xfe\x19\xd0\x0b\x5c\x77\
\xf7\xbe\x46\xe6\xd0\x22\xd5\x66\x9f\xe3\x30\xd3\x47\xf2\xcf\xc0\
\x11\x11\x39\x3e\x39\x39\x59\xde\xb7\x6f\xdf\xb5\x6c\xb6\x77\x67\
\x49\xa6\x17\x78\x16\x58\x9e\xc5\x8f\x89\xc8\xce\xfa\x65\x6f\x1b\
\x20\x37\xa3\xa7\x81\x01\xa0\xab\x8d\x78\x80\xb2\x88\x14\x55\xf5\
\x68\xcb\xc1\xdb\x1c\x10\x80\x28\x8a\x56\x85\x10\xb6\xba\xfb\xc6\
\x10\xc2\x62\xa6\x4f\xba\xcb\xee\x7e\x35\x84\x30\x22\x22\xc7\xf2\
\xfb\xfc\x7f\xb5\xd2\x3f\xb6\x8b\xb8\xe4\x0d\x55\x50\xd7\x00\x00\
\x00\x00\x49\x45\x4e\x44\xae\x42\x60\x82\
\x00\x00\x04\x4e\
\x89\
\x50\x4e\x47\x0d\x0a\x1a\x0a\x00\x00\x00\x0d\x49\x48\x44\x52\x00\
\x00\x00\x20\x00\x00\x00\x20\x08\x06\x00\x00\x00\x73\x7a\x7a\xf4\
\x00\x00\x00\x09\x70\x48\x59\x73\x00\x00\x0e\xc3\x00\x00\x0e\xc3\
\x01\xc7\x6f\xa8\x64\x00\x00\x00\x19\x74\x45\x58\x74\x53\x6f\x66\
\x74\x77\x61\x72\x65\x00\x77\x77\x77\x2e\x69\x6e\x6b\x73\x63\x61\
\x70\x65\x2e\x6f\x72\x67\x9b\xee\x3c\x1a\x00\x00\x03\xdb\x49\x44\
\x41\x54\x58\x85\xb5\x96\xdb\x6f\x54\x55\x14\x87\xbf\x75\xce\xb4\
\x45\x2d\x51\x42\x1d\x42\x4b\x5b\x50\x82\x6d\x66\x5a\x94\xc4\x18\
\x4d\x2f\x13\x50\x13\x14\xec\xcd\x46\x8c\x2f\x36\xd1\xc8\x9b\x0f\
\x5a\x49\xf4\x81\x26\x46\x25\x21\x51\xe3\x1f\x50\x7d\xc0\x80\xa9\
\x95\x29\x0d\x0f\xde\x80\x76\x6a\xc4\x68\xd1\xa4\x33\x65\xea\x85\
\x74\x4a\xb4\x38\x91\xc6\x4b\xd5\x4a\x67\xf6\xf2\xa1\x05\xcf\x9c\
\xce\xbd\xb2\xde\xf6\x6f\x5d\x7e\xdf\x9e\xb3\xcf\xd9\x23\xe4\x08\
\x9f\xaf\xbb\x54\x2a\x12\xad\x62\xf4\x7e\xb5\xa8\x44\xa5\x0a\x74\
\x11\xe4\x92\xaa\x99\x16\xe1\xc3\xf0\xe8\x5d\x67\xa1\xcf\xe4\x9a\
\x95\x2e\x24\x53\x62\x5b\x60\x6f\x45\x99\xb1\x5f\x52\xe8\x01\x6e\
\xce\x31\xe7\x67\x44\xdf\x2a\x9b\x37\x6f\x8e\x8f\x0f\xff\xb5\x6a\
\x00\x7f\x73\xc7\x7e\x44\x0f\xe5\x61\xec\x1e\xf6\x93\x11\xdd\x1f\
\x19\x19\x1a\xce\xb7\xc7\x76\x2e\x02\x81\x80\xa7\xbc\x66\xfb\x1b\
\x08\x2f\x03\x6b\x0a\x31\x5f\x8e\xb5\x82\xec\xf3\xd6\xd6\x49\x3c\
\x16\x1d\x29\x18\x60\x6d\xcd\x9d\xfd\x20\xcf\xa4\xa9\x53\xe0\x4b\
\xe0\x98\xaa\xbe\x2f\x58\x9f\x02\x51\xb1\xa4\x1c\xf0\xba\x6a\x05\
\x08\x78\x6b\xeb\x17\xe3\xb1\x68\x28\x17\xc0\xb5\x47\xe0\x6f\x69\
\x7b\x1e\xe4\xf0\x0a\x63\xe1\x5d\x49\xda\x07\x27\xc6\x06\x2f\xa4\
\x1b\xd0\xd8\xdc\xb9\xc3\x88\x79\x0d\x78\xd0\x95\x32\xa2\x74\x4d\
\x84\x82\xc1\x9c\x00\xfe\x9d\xed\xb7\x93\x60\x12\x28\x75\xe4\xfe\
\x06\xed\x09\x8f\x0e\xbd\x97\x6b\x17\x00\xfe\xe6\x8e\xde\xe5\x73\
\x63\x39\xe4\xf8\x62\xd2\x6c\x9d\xfa\xec\xc4\x1f\x99\xfa\x96\x8a\
\x13\xbc\xea\x32\x37\xa2\xf2\x78\xbe\xe6\x00\xe1\xd0\xf1\xc3\xc0\
\x0b\x2e\xd9\xeb\xf1\x58\xbd\xd9\xfa\xc4\xdf\xd2\x56\x0d\x12\xc3\
\xf1\x38\x54\x79\x3d\x12\x0a\x3e\x97\xaf\xb9\x33\xfc\xad\xed\xc3\
\x28\x7b\x1c\xd2\xaf\x7a\xb9\x64\x43\x24\x32\x70\x25\x5d\xbd\xa5\
\x58\x8f\x90\xfa\x3a\xfe\x46\xa2\xe4\x95\x62\xcc\x01\xd4\xe8\x01\
\xc0\xf9\x51\xba\x45\x2a\x12\xad\x99\xea\x2d\x41\x1f\x4a\x51\x84\
\xe1\xc8\xe7\x03\x73\xc5\x02\x44\x42\x43\x93\xb2\xf4\xc6\xfc\x37\
\x52\x5d\x1e\x4e\x00\x60\x8b\x53\x50\xd5\x8f\x8b\x35\xbf\x1a\x46\
\xf8\x28\x65\xed\xf2\x70\x03\x54\x3a\x05\xb1\x64\x66\xb5\x00\x20\
\x17\x53\x56\x2e\x0f\x37\x40\x69\x8a\x62\x34\xed\x61\x29\xc8\x1e\
\x5d\x48\x59\x8b\xdc\x98\x0d\x60\xd6\x29\xa8\xca\xc6\x55\x03\xa8\
\xa6\xec\xd8\xa8\x66\x3c\x53\x96\xc2\x8f\x29\xcd\xc2\xbd\xab\x05\
\x00\xeb\xbe\x94\x99\xf0\x5d\xc6\x4a\x54\x4f\xbb\xb4\xce\xee\xee\
\x6e\x3b\x6d\x75\x1e\xd1\xd0\xf4\xf0\x3a\x45\x1f\x70\x6a\x2a\x72\
\x36\x23\x80\x8d\x3d\xe4\xd2\xb6\x4c\x5e\xba\xd2\x53\x2c\x80\x5a\
\xa5\x2f\x02\x37\x38\xa4\x84\x78\x92\x27\x32\xd5\x0b\x20\xfe\x96\
\xf6\xaf\x80\x1d\x0e\xfd\x32\x1e\xee\x09\x9f\x0a\xfe\x50\x88\x79\
\x63\x6b\x5b\xb3\x51\xf9\x84\xd4\x83\x3d\x18\x1e\x0d\x3e\x9a\xa9\
\xc7\x02\x54\x2c\x3d\xe0\xd2\xd7\x93\xe4\x64\x43\x53\xd7\x6d\xf9\
\x9a\xfb\x5a\x3b\xef\x36\x2a\x83\x2e\xf3\xa4\x49\x26\x0f\x66\xeb\
\xb3\x01\xe2\xd3\x53\x17\xbc\xb5\x75\x3e\xc0\xe7\xc8\x55\x20\xfa\
\x84\xb7\xa6\x6e\x36\x3e\xb3\x2f\x0c\x67\x34\xdd\x80\xad\xbb\x77\
\x97\x55\x55\x35\x3c\x8b\x9a\x23\x20\x2b\xfe\x41\x89\x65\x9f\x8b\
\xc7\xa2\x5f\x67\x02\xb8\x76\x07\xf8\x02\xdd\xe5\xa2\x8b\x63\x28\
\xdb\xd3\xd4\x4d\x02\x03\x8a\x8c\x0a\xcc\x9a\x64\xc2\x92\x12\x4f\
\xb5\x18\x76\x81\x3e\x06\x54\x67\xd9\xa4\x01\x79\x3a\x3c\x7a\xbc\
\x3f\x2b\x00\xc0\xf2\xcd\x78\x12\x68\xc8\x32\xb0\x98\x30\x22\xfa\
\xd4\xc4\xc8\xd0\xdb\xee\x44\xca\xeb\x16\x8f\x4d\xfd\xbe\x6e\xd3\
\xb6\x23\xb6\x2d\xf5\x40\x5d\x11\x46\x0a\xcc\x01\xee\x2f\x9f\x80\
\xec\xdd\xb0\xf9\x8e\x8b\xf1\xd8\xd4\x37\xae\x44\xfa\xf0\x37\x75\
\xec\x11\x9b\x43\xaa\xea\xcb\x54\xe3\x1a\xf4\x85\x88\xf6\x2e\x1a\
\xfb\x7b\x5b\x92\xa7\x40\xd2\x6d\x60\xc5\x2f\x91\x11\x60\x29\xfa\
\xac\x86\x96\x73\x4d\x46\xad\x36\xb1\xd8\x85\xb2\x09\x58\xbf\x9c\
\x9c\x07\x0d\x83\x35\x26\x46\x8f\x4d\x8c\x05\xc7\xaf\x76\xd5\x37\
\x77\x6e\xcc\x17\x22\x07\xc0\xca\xd8\x1c\x78\x72\x0d\xc0\xf4\x99\
\x77\x16\xb2\xd5\xe5\x0b\x51\x30\x40\x21\x91\x13\x42\xe9\xba\xae\
\x00\xb9\x20\x14\xbe\xbd\xee\x00\x39\x20\xe6\xac\xb4\x1d\xff\x73\
\x9c\x0f\x7d\x30\x9b\x54\x7b\x27\x68\xd4\xa9\x0b\x7a\xb4\xe8\x6b\
\xb7\xd0\xf8\x65\xe6\xfc\xfc\xad\x95\x8d\x47\xf1\x68\xa9\x28\x7f\
\x22\xd2\xbf\x70\xd3\x3f\x7d\xff\x02\xdd\x97\x62\xa0\xc1\x0c\xa8\
\x78\x00\x00\x00\x00\x49\x45\x4e\x44\xae\x42\x60\x82\
\x00\x00\x04\x21\
\x89\
\x50\x4e\x47\x0d\x0a\x1a\x0a\x00\x00\x00\x0d\x49\x48\x44\x52\x00\
\x00\x00\x20\x00\x00\x00\x20\x08\x06\x00\x00\x00\x73\x7a\x7a\xf4\
\x00\x00\x00\x09\x70\x48\x59\x73\x00\x00\x0e\xc3\x00\x00\x0e\xc3\
\x01\xc7\x6f\xa8\x64\x00\x00\x00\x19\x74\x45\x58\x74\x53\x6f\x66\
\x74\x77\x61\x72\x65\x00\x77\x77\x77\x2e\x69\x6e\x6b\x73\x63\x61\
\x70\x65\x2e\x6f\x72\x67\x9b\xee\x3c\x1a\x00\x00\x03\xae\x49\x44\
\x41\x54\x58\x85\xb5\x97\xdd\x6f\x54\x45\x18\xc6\x9f\x77\xa6\x69\
\x2b\x21\x51\x03\xc1\x50\xe9\x45\xd5\x8b\x1a\x62\x48\x48\x48\xa3\
\xd1\x3d\xb4\x08\x4d\x08\x6a\x22\x36\xc6\x78\xd5\x44\x03\x37\x95\
\x0b\xad\x34\x6d\xcf\xf2\x76\xb6\x96\xa6\x44\x63\xf8\x03\xca\x0d\
\x06\x8c\x92\xa8\x0d\x17\x7e\xef\x76\xb9\xc0\x00\xc2\x05\x69\x8c\
\x1f\x04\x24\x5a\x35\x91\xfa\x81\xda\xc8\xd9\x79\xb9\xe8\x42\x66\
\x87\x73\xce\x7e\x50\x9e\x9b\xdd\x79\xe6\x9d\x79\x7e\x73\x76\xce\
\x99\xb3\x84\x2a\x62\xe6\x66\x6b\x6d\x40\x44\x4f\x02\x68\x13\x91\
\xfb\x45\xe4\x9a\x52\xea\x17\x00\x17\x89\xe8\x63\x00\x27\x99\xd9\
\x56\x9b\x2b\x4e\x94\x12\xbc\x5a\x44\x46\x44\xa4\x1f\xc0\xdd\x55\
\xe6\xf9\x55\x44\x0e\x6a\xad\xdf\x66\xe6\x7f\x6f\x1b\x20\x0c\xc3\
\xdd\x44\x34\x59\x43\xb0\xaf\x9f\x01\xec\x36\xc6\xcc\x34\x04\xc0\
\xcc\x4d\x22\xf2\xa6\x88\xbc\x52\x67\xb0\x2b\x01\x60\x8c\x31\x63\
\xe5\xef\xa9\xd2\x6e\x23\x93\xc9\x4c\x03\xd8\x95\x30\xe9\x29\x00\
\x47\x01\xbc\x0f\xe0\x73\x00\xdf\x00\x58\x09\x60\x8d\x57\x4b\x00\
\x36\x07\x41\x70\xad\x50\x28\x14\xab\x01\xdc\xbc\x02\x61\x18\xbe\
\x46\x44\x07\xfc\x60\x22\x7a\x87\x88\xf6\x31\xf3\x85\xb8\x09\x98\
\x79\x63\xa9\x54\xda\x4f\x44\xdb\xbc\x2e\xab\x94\xda\xc9\xcc\x1f\
\x54\x05\x18\x1d\x1d\x7d\x50\x29\x35\x07\xa0\xd9\xe9\xfb\x0f\x40\
\xbf\x31\xe6\xdd\x6a\xab\x00\x80\x6c\x36\x3b\x08\x60\x12\x80\x72\
\xec\xdf\x16\x17\x17\x1f\x9a\x9a\x9a\xfa\x3b\x69\x9c\x02\x00\xad\
\xf5\x84\x17\x6e\x01\xbc\x50\x6b\x38\x00\x18\x63\x0e\x00\x78\xdd\
\xb3\xd7\xb4\xb6\xb6\x0e\xa6\x8d\xa3\x91\x91\x91\x76\xad\xf5\x25\
\x38\x3f\x07\x11\xbd\x35\x36\x36\xf6\x6a\xad\xe1\xae\xc2\x30\x9c\
\x21\xa2\x1d\x8e\xf5\x87\x52\xea\x3e\x66\xfe\x3f\xae\x5e\x69\xad\
\x9f\x46\xe5\xdd\xf0\x27\x11\xbd\xd1\x48\x38\x00\x68\xad\xf7\x62\
\xe9\x0a\xde\xd0\x3d\xd6\xda\x20\xa9\x5e\x89\xc8\x76\xd7\x20\xa2\
\x19\x66\xbe\xd2\x28\x00\x33\xcf\x61\xe9\x8e\x71\xe7\xdc\x9e\x50\
\x0e\x45\x44\x1d\xae\x61\xad\xfd\xb4\xd1\x70\x47\x9f\xb8\x0d\x11\
\xe9\x48\x2a\x54\x00\xda\x5c\x43\x6b\xfd\xe3\x32\x00\x5c\xf6\xda\
\x6d\xb1\x55\x65\x80\x66\xcf\x8b\xdd\x2c\x75\x6a\xd1\x6b\xaf\x48\
\x03\x98\x77\x0d\x6b\xed\xda\x65\x00\xf0\x57\x9c\xb8\xa7\x14\x80\
\x9f\x3c\xef\xd1\xdb\x4d\x17\x91\xc7\xdc\x36\x11\x7d\x97\x08\x40\
\x44\x5f\x7a\xde\xb3\x7d\x7d\x7d\x3a\xb6\xba\x06\x0d\x0d\x0d\xdd\
\x4b\x44\x5b\x3d\xa0\x93\x69\x00\x1f\x7a\x5e\x47\x67\x67\x67\x7f\
\xa3\x00\x2d\x2d\x2d\xc3\x00\xee\x72\xac\x28\x8a\xa2\x8f\x92\xea\
\x09\x00\x65\xb3\xd9\xd3\x00\x36\x3a\xfe\xef\xd6\xda\xae\xf1\xf1\
\xf1\x1f\xea\x09\x0f\xc3\xf0\x09\x22\xfa\x0c\x95\x1b\xfb\x98\x31\
\xe6\xb9\xa4\x31\x0a\x80\x28\xa5\xf6\x7a\xfe\x2a\xa5\xd4\x71\x66\
\x7e\xa0\x8e\xf0\x4d\x44\x74\xcc\x0b\x2f\x89\xc8\xbe\xb4\x71\x1a\
\x00\xf2\xf9\xfc\x85\x20\x08\xd6\x03\x58\xef\xf4\xad\x16\x91\x17\
\x33\x99\xcc\x7c\x4f\x4f\xcf\xf9\x7c\x3e\x1f\xfb\x72\x31\x30\x30\
\xd0\xd2\xdb\xdb\xbb\x87\x88\x0e\x23\xfe\x0d\xea\xeb\xd9\xd9\xd9\
\xb3\x49\x00\x37\xcf\x00\x66\x5e\x69\xad\x3d\x01\x60\x43\x4c\xdd\
\x1c\x80\xf7\x94\x52\xb3\x51\x14\xcd\x13\x91\xd2\x5a\xb7\x8b\xc8\
\x16\x11\x79\x1e\x40\x7b\xca\x22\xad\x88\xbc\x9c\xcb\xe5\xa6\x53\
\x01\x00\xa0\x7c\x32\x1e\x07\xf0\x48\xca\x84\x8d\xc8\x02\x78\xc9\
\x18\x73\xc8\xef\xa8\xb8\xdd\x8a\xc5\xe2\x5f\x5d\x5d\x5d\x87\xb5\
\xd6\x0f\x13\x51\x67\x03\x41\x82\xa5\x87\x8e\xff\xe4\x23\x00\x4f\
\x05\x41\x70\xb9\x50\x28\x9c\xf3\x3b\x62\xc5\xcc\x3b\xac\xb5\x93\
\xa8\xdc\x17\x69\xfa\x4a\x44\x06\x4b\xa5\xd2\xf7\x4d\x4d\x4d\x5f\
\x00\x88\x5b\xc0\x2d\x57\x22\x11\xa0\x0c\xa1\x00\x3c\x2e\x22\xcf\
\x88\xc8\x16\x00\xeb\x00\xac\x2a\x77\x5f\x05\x70\x9e\x88\x4e\x58\
\x6b\x8f\xe6\x72\xb9\x33\x37\xc6\x0d\x0f\x0f\xaf\xad\x15\x22\x15\
\x20\x01\xaa\xb5\xfc\xe9\x1f\x38\x15\xaa\x15\xa2\x6e\x80\x7a\x54\
\x0d\x42\x29\xb5\xf3\x8e\x02\xd4\x00\xf1\xed\x1d\x07\xa8\x02\x71\
\x45\xc5\x0d\x58\x6e\x4d\x4c\x4c\xcc\x47\x51\xd4\x83\xa5\x7f\x53\
\xae\x8e\x34\x7c\xec\xd6\xab\x62\xb1\x78\xb5\xbb\xbb\xfb\x88\x88\
\x34\x8b\xc8\x3f\x44\x34\xbd\xb0\xb0\xc0\xd7\x01\xc0\xd2\x54\x1f\
\xc5\x44\x57\x43\x00\x00\x00\x00\x49\x45\x4e\x44\xae\x42\x60\x82\
\
\x00\x00\x02\x97\
\x89\
\x50\x4e\x47\x0d\x0a\x1a\x0a\x00\x00\x00\x0d\x49\x48\x44\x52\x00\
\x00\x00\x20\x00\x00\x00\x20\x08\x06\x00\x00\x00\x73\x7a\x7a\xf4\
\x00\x00\x00\x09\x70\x48\x59\x73\x00\x00\x0e\xc3\x00\x00\x0e\xc3\
\x01\xc7\x6f\xa8\x64\x00\x00\x00\x19\x74\x45\x58\x74\x53\x6f\x66\
\x74\x77\x61\x72\x65\x00\x77\x77\x77\x2e\x69\x6e\x6b\x73\x63\x61\
\x70\x65\x2e\x6f\x72\x67\x9b\xee\x3c\x1a\x00\x00\x02\x24\x49\x44\
\x41\x54\x58\x85\xed\x96\x4f\x6b\x13\x41\x18\x87\x9f\x77\xb2\xfe\
\x3b\xf4\xb0\x29\x95\x04\xff\x5d\xdb\x8b\xdf\xa0\xd4\xa3\x87\x7c\
\x00\xab\x6d\xad\x50\x72\xeb\x41\x51\x51\xda\xa6\xcb\x2e\x4d\x11\
\x45\x28\x78\x49\x4c\xb1\xd2\xda\xef\x91\xbb\xf7\xe4\x5e\x4a\x23\
\x0a\x7b\x2b\xd8\xb8\xf3\x7a\x48\xb7\x2e\xcd\x9e\xca\x78\x10\xf3\
\xc0\xc2\x3b\xf3\xbc\xcc\x6f\x59\x86\xd9\x81\x11\xff\x3b\xb2\xbc\
\xbc\x7c\xc5\xf7\xfd\x0d\xe0\x01\xd0\x07\x9a\xc6\x98\x37\x41\x10\
\x58\x80\x20\x08\x2e\x5b\x6b\x03\x60\x1e\xb8\xe9\x28\xf7\x10\xd8\
\x8f\xe3\x78\xcd\x2b\x16\x8b\x75\x55\x7d\x96\x91\x75\x6b\xed\x31\
\xb0\x05\x60\xad\xad\x01\xaf\x1d\x05\xa7\xdc\x00\x5e\x14\x8b\x45\
\x31\xaa\xfa\x30\xa7\x61\x2e\x53\xe7\x79\x27\xa8\xea\x9c\x01\x7e\
\xe5\xb8\x7e\xa6\xce\xf3\xae\xe8\x1b\x60\xfb\xfc\xac\xaa\xb6\x32\
\xc3\x21\xef\x0a\x55\x6d\x79\x9d\x4e\x27\x9a\x9c\x9c\x3c\x16\x91\
\x47\xc0\x4f\x55\x6d\x46\x51\xf4\x29\x6d\x32\xc6\xbc\xb5\xd6\x9e\
\x00\x0b\xc0\x1d\x47\xd9\x07\xc0\x5e\xb7\xdb\x7d\xef\x68\xbd\x11\
\x17\x47\xaa\xd5\xea\xa5\x72\xb9\xbc\xaa\xaa\xb3\x40\x5f\x55\x3f\
\x46\x51\xb4\x05\x28\x40\x10\x04\x5e\x92\x24\xaf\x44\x64\x1e\x98\
\x70\x94\xfb\x03\xd8\xef\xf5\x7a\x1b\x85\x4a\xa5\xb2\xa1\xaa\x2b\
\xc0\x38\x30\x21\x22\xf7\x67\x66\x66\xbe\xb5\xdb\xed\xaf\x00\xd3\
\xd3\xd3\xab\x22\x12\x9e\xfa\x6b\x8e\x9e\x71\xe0\xde\xd8\xd8\x58\
\xc1\xa8\xea\xe3\x9c\x37\x5c\x3c\xfb\x44\x22\x8b\x39\xde\x09\xaa\
\xfa\xc4\x70\xfa\xa9\xcf\xbb\x4c\x6d\xff\xd6\x0b\x00\xd6\x00\x9f\
\x87\xd2\x55\x77\x32\xc3\x21\xef\x90\x1d\xaf\xd7\xeb\xad\x97\x4a\
\xa5\x13\x20\xdd\x84\xcd\x28\x8a\x1a\x69\x87\x31\x66\x33\x49\x92\
\x44\x44\x16\x80\xeb\x8e\x82\xbf\x33\xd8\x84\x75\x47\xeb\x8d\xb8\
\x38\x72\x7a\xd0\x3c\x17\x91\x59\x06\xbf\xe1\x46\x18\x86\x2d\xfe\
\x1c\x44\xc6\x5a\xfb\x94\xc1\x8d\xe8\xb6\xa3\xdc\x03\x60\xbf\xd3\
\xe9\xbc\xf3\x54\x75\x4d\x44\x6a\x19\xd9\xac\xd5\x6a\x36\x0c\xc3\
\x6d\x80\x24\x49\x5e\x8a\xc8\xa6\xa3\xe0\x14\x1f\xb8\x3b\x35\x35\
\x75\xd5\xa8\xea\x52\x4e\xc3\xd9\x9c\x88\xe4\x79\x57\x2c\x19\xc0\
\xe4\x08\x2f\x53\xe7\x79\x57\x78\x06\xf8\x72\x7e\x56\x55\x77\xd3\
\x5a\x44\x86\xbc\x43\x76\xbd\x38\x8e\x57\x7c\xdf\xb7\x0c\x2e\x9f\
\x27\x40\xa3\x50\x28\x7c\x48\x3b\x8e\x8e\x8e\xc2\x52\xa9\x24\x0c\
\x6e\x44\xb7\x1c\x05\x1f\x02\x7b\x71\x1c\xaf\x3b\x5a\x6f\xc4\x3f\
\xcc\x6f\x17\xea\xce\xa7\x40\xdf\x95\x4c\x00\x00\x00\x00\x49\x45\
\x4e\x44\xae\x42\x60\x82\
"

qt_resource_name = b"\
\x00\x04\
\x00\x06\xfa\x5e\
\x00\x69\
\x00\x63\x00\x6f\x00\x6e\
\x00\x08\
\x00\xa7\x59\x27\
\x00\x6c\
\x00\x69\x00\x73\x00\x74\x00\x2e\x00\x70\x00\x6e\x00\x67\
\x00\x0b\
\x06\x46\x42\x27\
\x00\x68\
\x00\x69\x00\x73\x00\x74\x00\x6f\x00\x72\x00\x79\x00\x2e\x00\x70\x00\x6e\x00\x67\
\x00\x0c\
\x03\x4f\x9b\xa7\
\x00\x6c\
\x00\x6f\x00\x67\x00\x6f\x00\x5f\x00\x76\x00\x6b\x00\x75\x00\x2e\x00\x6a\x00\x70\x00\x67\
\x00\x0a\
\x02\x8f\x18\x67\
\x00\x74\
\x00\x61\x00\x62\x00\x6c\x00\x65\x00\x31\x00\x2e\x00\x70\x00\x6e\x00\x67\
\x00\x09\
\x09\x28\xa3\xa7\
\x00\x74\
\x00\x61\x00\x62\x00\x6c\x00\x65\x00\x2e\x00\x70\x00\x6e\x00\x67\
\x00\x0a\
\x06\xc9\x3c\x87\
\x00\x6c\
\x00\x6f\x00\x67\x00\x6f\x00\x75\x00\x74\x00\x2e\x00\x70\x00\x6e\x00\x67\
\x00\x09\
\x0c\x54\xae\x67\
\x00\x75\
\x00\x73\x00\x65\x00\x72\x00\x31\x00\x2e\x00\x70\x00\x6e\x00\x67\
\x00\x08\
\x09\xc5\x58\xc7\
\x00\x75\
\x00\x73\x00\x65\x00\x72\x00\x2e\x00\x70\x00\x6e\x00\x67\
\x00\x0b\
\x0c\x96\xeb\x87\
\x00\x6c\
\x00\x6f\x00\x67\x00\x6f\x00\x75\x00\x74\x00\x31\x00\x2e\x00\x70\x00\x6e\x00\x67\
\x00\x0c\
\x04\x25\x01\x87\
\x00\x68\
\x00\x69\x00\x73\x00\x74\x00\x6f\x00\x72\x00\x79\x00\x31\x00\x2e\x00\x70\x00\x6e\x00\x67\
\x00\x14\
\x0f\xa5\xed\x47\
\x00\x6d\
\x00\x61\x00\x67\x00\x6e\x00\x69\x00\x66\x00\x79\x00\x69\x00\x6e\x00\x67\x00\x2d\x00\x67\x00\x6c\x00\x61\x00\x73\x00\x73\x00\x2e\
\x00\x70\x00\x6e\x00\x67\
\x00\x18\
\x01\x27\x12\x67\
\x00\x6d\
\x00\x61\x00\x67\x00\x6e\x00\x69\x00\x66\x00\x79\x00\x69\x00\x6e\x00\x67\x00\x2d\x00\x67\x00\x6c\x00\x61\x00\x73\x00\x73\x00\x20\
\x00\x28\x00\x31\x00\x29\x00\x2e\x00\x70\x00\x6e\x00\x67\
\x00\x0c\
\x05\x5d\x1b\x07\
\x00\x6c\
\x00\x69\x00\x73\x00\x74\x00\x20\x00\x28\x00\x31\x00\x29\x00\x2e\x00\x70\x00\x6e\x00\x67\
"

qt_resource_struct_v1 = b"\
\x00\x00\x00\x00\x00\x02\x00\x00\x00\x01\x00\x00\x00\x01\
\x00\x00\x00\x00\x00\x02\x00\x00\x00\x01\x00\x00\x00\x02\
\x00\x00\x00\x00\x00\x02\x00\x00\x00\x12\x00\x00\x00\x03\
\x00\x00\x00\x0e\x00\x00\x00\x00\x00\x01\x00\x00\x00\x00\
\x00\x00\x01\x40\x00\x00\x00\x00\x00\x01\x00\x00\x7e\x16\
\x00\x00\x00\x5e\x00\x00\x00\x00\x00\x01\x00\x00\x5c\x61\
\x00\x00\x00\x40\x00\x00\x00\x00\x00\x01\x00\x00\x0a\x63\
\x00\x00\x00\x40\x00\x00\x00\x00\x00\x01\x00\x00\x33\x62\
\x00\x00\x00\xf4\x00\x00\x00\x00\x00\x01\x00\x00\x75\x15\
\x00\x00\x01\x76\x00\x00\x00\x00\x00\x01\x00\x00\x82\x3b\
\x00\x00\x00\x24\x00\x00\x00\x00\x00\x01\x00\x00\x06\x5d\
\x00\x00\x00\x24\x00\x00\x00\x00\x00\x01\x00\x00\x02\x57\
\x00\x00\x00\x90\x00\x00\x00\x00\x00\x01\x00\x00\x66\x78\
\x00\x00\x00\x90\x00\x00\x00\x00\x00\x01\x00\x00\x63\x9f\
\x00\x00\x00\x78\x00\x00\x00\x00\x00\x01\x00\x00\x5f\x55\
\x00\x00\x00\x78\x00\x00\x00\x00\x00\x01\x00\x00\x61\x7a\
\x00\x00\x00\xc2\x00\x00\x00\x00\x00\x01\x00\x00\x6c\x8a\
\x00\x00\x00\xc2\x00\x00\x00\x00\x00\x01\x00\x00\x6f\x18\
\x00\x00\x00\xaa\x00\x00\x00\x00\x00\x01\x00\x00\x69\x51\
\x00\x00\x00\xd8\x00\x00\x00\x00\x00\x01\x00\x00\x71\xa6\
\x00\x00\x01\x12\x00\x00\x00\x00\x00\x01\x00\x00\x79\xc4\
"

qt_resource_struct_v2 = b"\
\x00\x00\x00\x00\x00\x02\x00\x00\x00\x01\x00\x00\x00\x01\
\x00\x00\x00\x00\x00\x00\x00\x00\
\x00\x00\x00\x00\x00\x02\x00\x00\x00\x01\x00\x00\x00\x02\
\x00\x00\x00\x00\x00\x00\x00\x00\
\x00\x00\x00\x00\x00\x02\x00\x00\x00\x12\x00\x00\x00\x03\
\x00\x00\x00\x00\x00\x00\x00\x00\
\x00\x00\x00\x0e\x00\x00\x00\x00\x00\x01\x00\x00\x00\x00\
\x00\x00\x01\x96\xa5\xc5\x18\xe5\
\x00\x00\x01\x40\x00\x00\x00\x00\x00\x01\x00\x00\x7e\x16\
\x00\x00\x01\x96\xa5\xc7\x53\x3a\
\x00\x00\x00\x5e\x00\x00\x00\x00\x00\x01\x00\x00\x5c\x61\
\x00\x00\x01\x96\xa5\xc8\x17\xcf\
\x00\x00\x00\x40\x00\x00\x00\x00\x00\x01\x00\x00\x0a\x63\
\x00\x00\x01\x96\x72\x45\x8c\xf4\
\x00\x00\x00\x40\x00\x00\x00\x00\x00\x01\x00\x00\x33\x62\
\x00\x00\x01\x96\x72\x45\x8c\xf4\
\x00\x00\x00\xf4\x00\x00\x00\x00\x00\x01\x00\x00\x75\x15\
\x00\x00\x01\x96\xa5\xca\x3a\x65\
\x00\x00\x01\x76\x00\x00\x00\x00\x00\x01\x00\x00\x82\x3b\
\x00\x00\x01\x96\xa5\xc5\xf3\xf8\
\x00\x00\x00\x24\x00\x00\x00\x00\x00\x01\x00\x00\x06\x5d\
\x00\x00\x01\x96\x72\x62\xc4\xbc\
\x00\x00\x00\x24\x00\x00\x00\x00\x00\x01\x00\x00\x02\x57\
\x00\x00\x01\x96\x72\x62\xc4\xbc\
\x00\x00\x00\x90\x00\x00\x00\x00\x00\x01\x00\x00\x66\x78\
\x00\x00\x01\x96\x72\x63\x8d\xca\
\x00\x00\x00\x90\x00\x00\x00\x00\x00\x01\x00\x00\x63\x9f\
\x00\x00\x01\x96\x72\x63\x8d\xca\
\x00\x00\x00\x78\x00\x00\x00\x00\x00\x01\x00\x00\x5f\x55\
\x00\x00\x01\x96\x72\x49\x1b\xa6\
\x00\x00\x00\x78\x00\x00\x00\x00\x00\x01\x00\x00\x61\x7a\
\x00\x00\x01\x96\x72\x49\x1b\xa6\
\x00\x00\x00\xc2\x00\x00\x00\x00\x00\x01\x00\x00\x6c\x8a\
\x00\x00\x01\x96\x72\x48\x02\x4a\
\x00\x00\x00\xc2\x00\x00\x00\x00\x00\x01\x00\x00\x6f\x18\
\x00\x00\x01\x96\x72\x48\x02\x4a\
\x00\x00\x00\xaa\x00\x00\x00\x00\x00\x01\x00\x00\x69\x51\
\x00\x00\x01\x96\xa5\xc9\xb3\x2d\
\x00\x00\x00\xd8\x00\x00\x00\x00\x00\x01\x00\x00\x71\xa6\
\x00\x00\x01\x96\xa5\xc9\x31\xbb\
\x00\x00\x01\x12\x00\x00\x00\x00\x00\x01\x00\x00\x79\xc4\
\x00\x00\x01\x96\xa5\xc6\x91\x6b\
"

qt_version = [int(v) for v in QtCore.qVersion().split('.')]
if qt_version < [5, 8, 0]:
    rcc_version = 1
    qt_resource_struct = qt_resource_struct_v1
else:
    rcc_version = 2
    qt_resource_struct = qt_resource_struct_v2

def qInitResources():
    QtCore.qRegisterResourceData(rcc_version, qt_resource_struct, qt_resource_name, qt_resource_data)

def qCleanupResources():
    QtCore.qUnregisterResourceData(rcc_version, qt_resource_struct, qt_resource_name, qt_resource_data)

qInitResources()
